car_name,variant,transmission,km_driven,owner_type,fuel_type,registeration,price,region,fair_price,deviation_pct,cluster,cluster_name,manipulated,manipulation_prob,dev_bucket
2018 Tata NEXON,XM 1.2,Manual,95230,1st Owner,Petrol,UP-16,650000,UP,569770.0,0.14081120452112256,2,normal,0,0.0,over
2017 Renault Kwid,1.0 RXT Opt,Manual,72956,2nd Owner,Petrol,HR-11,319000,HR,428800.0,-0.2560634328358209,2,normal,0,0.0,deep_under
2017 HYUNDAI ELITE I20,ASTA 1.2 (O),Manual,50636,2nd Owner,Petrol,DL-7C,587000,DL,570900.0,0.02820108600455421,2,normal,0,0.0,fair
2019 Mahindra XUV 3OO,W8(O),Manual,86652,1st Owner,Diesel,DL-12,822000,DL,786500.0,0.04513668150031786,2,normal,0,0.0,fair
2020 Hyundai Creta,1.5 SX (O) AT,Automatic,20235,1st Owner,Petrol,DL-9C,1674000,DL,992300.0,0.6869898216265242,0,overpriced,1,1.0,deep_over
2021 MAHINDRA SCORPIO,S11,Manual,15235,1st Owner,Diesel,UP-32,1731000,UP,1023700.0,0.6909250757057732,0,overpriced,1,1.0,deep_over
2014 Hyundai Verna,FLUIDIC 1.4 VTVT CX,Manual,57937,1st Owner,Petrol,DL-12,501000,DL,477600.0,0.048994974874371856,2,normal,0,0.0,fair
2017 Tata Tiago,XZ PETROL,Manual,50097,1st Owner,Petrol,HR-26,419000,HR,521535.0,-0.1966023373311475,2,normal,0,0.0,under
2019 Maruti Eeco,5 STR WITH A/C+HTR,Manual,15468,1st Owner,Petrol,DL-2C,486000,DL,639500.0,-0.2400312744331509,1,underpriced,0,0.0,deep_under
2015 VOLKSWAGEN POLO,HIGHLINE1.2L PETROL,Manual,64704,2nd Owner,Petrol,DL-3C,495000,DL,489400.0,0.011442582754393135,2,normal,0,0.0,fair
2017 Maruti WAGON R 1.0,LXI,Manual,83279,1st Owner,Petrol,DL-1C,332000,DL,411600.0,-0.1933916423712342,2,normal,0,0.0,under
2018 Maruti ALTO 800,LXI CNG,Manual,95040,1st Owner,CNG,DL-5C,304000,DL,470900.0,-0.35442769165427906,2,normal,1,1.0,deep_under
2022 SKODA KUSHAQ,ACTIVE 1.0 TSI MT,Manual,13624,1st Owner,Petrol,UP-14,1156000,UP,912600.0,0.26671049747972825,0,overpriced,0,0.0,deep_over
2016 Maruti Baleno,DELTA PETROL 1.2,Manual,68018,1st Owner,Petrol,DL-10,499000,DL,524900.0,-0.049342731948942654,2,normal,0,0.0,fair
2020 FORD ECOSPORT,TITANIUM 1.5L DIESEL,Manual,96075,1st Owner,Diesel,DL-3C,789000,DL,786500.0,0.003178639542275906,2,normal,0,0.0,fair
2015 HYUNDAI GRAND I10,SPORTZ 1.2 KAPPA VTVT,Manual,23308,1st Owner,Petrol,DL-8C,396000,DL,537800.0,-0.2636667906284864,1,underpriced,0,0.0,deep_under
2021 Maruti S Cross,SIGMA 1.5 SHVS,Manual,9769,1st Owner,Petrol,DL-7C,879000,DL,646800.0,0.3589981447124304,0,overpriced,1,1.0,deep_over
2014 RENAULT DUSTER,85 PS RXE DIESEL ADVENTURE,Manual,56105,1st Owner,Diesel,DL-1C,388000,DL,778000.0,-0.5012853470437018,2,normal,1,1.0,deep_under
2018 Maruti SWIFT,ZXI+,Manual,28899,1st Owner,Petrol,DL-6C,631000,DL,653725.0,-0.0347623236070213,1,underpriced,0,0.0,fair
2018 Hyundai Verna,1.6 SX VTVT,Manual,25995,2nd Owner,Petrol,DL-8C,822000,DL,595800.0,0.3796576032225579,0,overpriced,1,1.0,deep_over
2021 Maruti SWIFT,LXI,Manual,12982,1st Owner,Petrol,DL-6C,589000,DL,548200.0,0.07442539219263043,1,underpriced,0,0.0,over
2014 HYUNDAI SANTRO XING,GLS,Manual,95604,1st Owner,Petrol,HR-26,247000,HR,504400.0,-0.5103092783505154,2,normal,1,1.0,deep_under
2020 RENAULT KWID,RXL,Manual,8611,1st Owner,Petrol,HR-26,398000,HR,950800.0,-0.5814051325199832,1,underpriced,1,1.0,deep_under
2018 Maruti VITARA BREZZA,ZDI PLUS AMT,Automatic,66354,1st Owner,Diesel,UP-37,840000,UP,893700.0,-0.06008727760993622,2,normal,0,0.0,under
2015 HYUNDAI CRETA,1.6 SX (O) CRDI,Manual,56461,1st Owner,Diesel,DL-8C,765000,DL,778000.0,-0.016709511568123392,2,normal,0,0.0,fair
2016 Hyundai Grand i10,SPORTZ 1.2 KAPPA VTVT,Manual,31109,1st Owner,Petrol,DL-3C,428000,DL,453300.0,-0.055812927421133904,1,underpriced,0,0.0,under
2020 Maruti Dzire,LXI,Manual,45565,1st Owner,Petrol,HR-35,552000,HR,555500.0,-0.0063006300630063005,2,normal,0,0.0,fair
2019 Ford FREESTYLE,TREND+ 1.2 TI-VCT,Manual,22989,1st Owner,Petrol,DL-7C,619000,DL,601700.0,0.028751869702509557,1,underpriced,0,0.0,fair
2017 Hyundai New Elantra,2.0 SX AT PETROL,Automatic,3415,1st Owner,Petrol,DL-12,1248000,DL,1061800.0,0.17536259182520247,1,underpriced,0,0.0,over
2020 Tata Tiago,XZ 1.2 REVOTRON,Manual,35863,1st Owner,Petrol,HR-30,504000,HR,643200.0,-0.21641791044776118,1,underpriced,0,0.0,deep_under
2011 Hyundai i20,MAGNA O 1.2,Manual,71274,2nd Owner,Petrol,DL-8C,239000,DL,483800.0,-0.5059942124844977,2,normal,1,1.0,deep_under
2017 Honda City,V CVT,Automatic,81702,2nd Owner,Petrol,DL-1C,734000,DL,650600.0,0.12818936366430986,2,normal,0,0.0,over
2021 HYUNDAI CRETA,S 1.5 PETROL,Manual,24849,1st Owner,Petrol,HR-51,1342000,HR,672300.0,0.9961326788636026,0,overpriced,1,1.0,deep_over
2013 HYUNDAI I20,MAGNA (O) 1.2,Manual,37065,1st Owner,Petrol,DL-3C,353000,DL,538600.0,-0.3445971036019309,1,underpriced,1,1.0,deep_under
2022 Tata TIGOR,XZ CNG,Manual,19474,1st Owner,CNG,DL-7C,806000,DL,679500.0,0.1861662987490802,1,underpriced,0,0.0,over
2019 MG HECTOR,SUPER DIESEL ,Manual,53140,2nd Owner,Diesel,HR-26,1282000,HR,701700.0,0.8269915918483682,0,overpriced,1,1.0,deep_over
2018 Skoda Rapid,1.5 TDI AT AMBITION,Automatic,32244,1st Owner,Diesel,DL-8C,806000,DL,946100.0,-0.14808159813973154,1,underpriced,0,0.0,under
2015 HYUNDAI ELITE I20,SPORTZ 1.2,Manual,32762,1st Owner,Petrol,DL-1C,544000,DL,573700.0,-0.051769217360990064,1,underpriced,0,0.0,under
2015 Maruti Swift,LXI (O),Manual,71434,2nd Owner,Petrol,DL-14,362000,DL,393600.0,-0.08028455284552846,2,normal,0,0.0,under
2013 HYUNDAI I10,ERA 1.1 IRDE,Manual,50384,1st Owner,Petrol,HR-26,270350,HR,521535.0,-0.481626352977269,2,normal,1,1.0,deep_under
2012 Honda Jazz,1.2L I-VTEC SELECT,Manual,51440,1st Owner,Petrol,DL-5C,299000,DL,424400.0,-0.2954759660697455,2,normal,0,0.0,deep_under
2020 Maruti Swift,LXI,Manual,26600,1st Owner,Petrol,DL-2C,572000,DL,440800.0,0.29764065335753176,0,overpriced,0,0.0,deep_over
2014 VOLKSWAGEN VENTO,HIGHLINE 1.2 TSI AT,Automatic,535,2nd Owner,Petrol,DL-3C,467000,DL,632200.0,-0.26130971211641885,1,underpriced,0,0.0,deep_under
2011 Maruti SWIFT,VXI,Manual,27022,1st Owner,Petrol,DL-8C,275000,DL,466700.0,-0.4107563745446754,1,underpriced,1,1.0,deep_under
2017 HYUNDAI GRAND I10,SPORTZ (O) AT 1.2 KAPPA VTVT,Automatic,46608,1st Owner,CNG,DL-8C,579000,DL,582625.0,-0.006221840806693842,2,normal,0,0.0,fair
2019 FORD ECOSPORT,1.5TITANIUM TDCI,Manual,41955,1st Owner,Diesel,UP-16,801000,UP,903000.0,-0.11295681063122924,1,underpriced,0,0.0,under
2013 Hyundai i20,MAGNA 1.2 VTVT,Manual,85306,1st Owner,Petrol,DL-8C,340000,DL,457600.0,-0.256993006993007,2,normal,0,0.0,deep_under
2016 Hyundai Grand i10,ASTA (O) 1.2 KAPPA VTVT,Manual,32353,1st Owner,Petrol,DL-12,498000,DL,496900.0,0.0022137250955926746,1,underpriced,0,0.0,fair
2017 Hyundai Grand i10,MAGNA 1.2 KAPPA VTVT,Manual,37511,1st Owner,Petrol,DL-8C,453000,DL,445600.0,0.01660682226211849,1,underpriced,0,0.0,fair
2014 Maruti Ertiga,VXI,Manual,94052,2nd Owner,Petrol,DL-2C,569000,DL,428700.0,0.3272684861208304,2,normal,1,1.0,deep_over
2018 Maruti Vitara Brezza,VDI,Manual,98557,1st Owner,Diesel,HR-27,642000,HR,814000.0,-0.2113022113022113,2,normal,0,0.0,deep_under
2016 HYUNDAI NEW ELANTRA,2.0 SX AT PETROL,Automatic,39077,1st Owner,Petrol,UP-16,1113000,UP,946560.0,0.1758367139959432,0,overpriced,0,0.0,over
2018 Maruti S CROSS,ZETA 1.3,Manual,64911,1st Owner,Diesel,DL-10,702000,DL,769600.0,-0.08783783783783784,2,normal,0,0.0,under
2020 Hyundai VENUE,SMT 1.5 CRDI,Manual,40734,1st Owner,Diesel,HR-52,833000,HR,1155825.0,-0.2793026626003071,1,underpriced,0,0.0,deep_under
2013 Hyundai Santro Xing,GL PLUS,Manual,43964,1st Owner,Petrol,DL-3C,250000,DL,546100.0,-0.5422083867423548,1,underpriced,1,1.0,deep_under
2014 Honda Amaze,1.2 EMT I VTEC,Manual,39406,1st Owner,Petrol,DL-8C,401000,DL,443520.0,-0.09586940836940837,1,underpriced,0,0.0,under
2016 Honda Amaze,1.2 SX MT I VTEC,Manual,84309,2nd Owner,CNG,DL-12,539000,DL,491300.0,0.09708935477305108,2,normal,0,0.0,over
2018 Hyundai Elite i20,MAGNA EXECUTIVE 1.2,Manual,53067,1st Owner,Petrol,HR-30,565000,HR,513135.0,0.10107476589981194,2,normal,0,0.0,over
2018 Maruti IGNIS,DELTA 1.2 K12,Manual,29913,1st Owner,Petrol,HR-13,465000,HR,690100.0,-0.32618461092595274,1,underpriced,1,1.0,deep_under
2015 HYUNDAI GRAND I10,SPORTZ 1.2 KAPPA VTVT,Manual,56871,1st Owner,Petrol,DL-8C,369000,DL,418700.0,-0.11870074038691188,2,normal,0,0.0,under
2021 Maruti SWIFT,VXI,Manual,0,1st Owner,Petrol,HR-51,689000,HR,611400.0,0.12692181877657835,1,underpriced,0,0.0,over
2020 Volkswagen Vento,HIGHLINE PLUS 1.0 TSI MT,Manual,6323,1st Owner,Petrol,UP-32,949000,UP,824600.0,0.15086102352655834,1,underpriced,0,0.0,over
2019 TATA Harrier,XM 2.0L Kryotec,Manual,49585,1st Owner,Diesel,HR-26,1174000,HR,1198000.0,-0.02003338898163606,2,normal,0,0.0,fair
2022 Nissan MAGNITE,XV PREMIUM MT,Manual,3008,1st Owner,Petrol,HR-51,867000,HR,847300.0,0.023250324560368227,1,underpriced,0,0.0,fair
2014 Hyundai Elite i20,ASTA 1.2,Manual,82575,1st Owner,Petrol,DL-9C,485000,DL,492500.0,-0.015228426395939087,2,normal,0,0.0,fair
2018 VOLKSWAGEN TIGUAN,HIGHLINE A/T,Automatic,88800,1st Owner,Diesel,DL-10,2069000,DL,1192300.0,0.7353015180743102,0,overpriced,1,1.0,deep_over
2021 Maruti Dzire,VXI AMT,Automatic,24467,1st Owner,Petrol,DL-2C,716000,DL,793600.0,-0.09778225806451613,1,underpriced,0,0.0,under
2014 Honda Amaze,1.2L I-VTEC E,Manual,17202,1st Owner,Petrol,DL-4C,361000,DL,607500.0,-0.405761316872428,1,underpriced,1,1.0,deep_under
2021 KIA SONET,HTX 1.0 IMT,Manual,18786,2nd Owner,Petrol,DL-3C,1031000,DL,709600.0,0.4529312288613303,0,overpriced,1,1.0,deep_over
2021 KIA SONET,GTX PLUS 1.0 DCT,Automatic,25964,1st Owner,Petrol,HR-06,1272000,HR,987200.0,0.2884927066450567,0,overpriced,0,0.0,deep_over
2021 Honda City,V MT PETROL,Manual,5785,1st Owner,Petrol,DL-4C,1048000,DL,902600.0,0.1610901839131398,1,underpriced,0,0.0,over
2022 Hyundai VENUE,S MT 1.2 KAPPA,Manual,15163,1st Owner,Petrol,DL-7C,867000,DL,639500.0,0.3557466770914777,0,overpriced,1,1.0,deep_over
2013 Hyundai i10,SPORTZ 1.2,Manual,21545,1st Owner,Petrol,HR-51,302000,HR,624600.0,-0.5164905539545309,1,underpriced,1,1.0,deep_under
2021 Skoda Rapid,MONTE CARLO 1.0 MT,Manual,35196,1st Owner,Petrol,DL-10,1057000,DL,537600.0,0.9661458333333334,0,overpriced,1,1.0,deep_over
2021 Hyundai NEW I20,MAGNA 1.2 MT,Manual,18141,1st Owner,Petrol,DL-12,736000,DL,684200.0,0.07570885705933937,1,underpriced,0,0.0,over
2020 Maruti Ciaz,1.5 SIGMA SHVS,Manual,78567,1st Owner,Petrol,DL-1C,713000,DL,564900.0,0.2621702956275447,2,normal,0,0.0,deep_over
2019 Datsun Go Plus,T,Manual,14128,1st Owner,Petrol,DL-3C,539000,DL,616700.0,-0.12599318955732122,1,underpriced,0,0.0,under
2014 Hyundai Eon,MAGNA PLUS,Manual,34328,1st Owner,Petrol,DL-3C,272000,DL,570300.0,-0.5230580396282658,1,underpriced,1,1.0,deep_under
2020 Maruti S PRESSO,VXI CNG,Manual,68657,1st Owner,CNG,HR-72,397000,HR,504000.0,-0.2123015873015873,2,normal,0,0.0,deep_under
2021 KIA SONET,GTX + 1.0 IMT,Manual,7036,1st Owner,Petrol,HR-26,1216000,HR,1076800.0,0.12927191679049035,1,underpriced,0,0.0,over
2018 Hyundai i20 Active,1.2 S,Manual,89972,1st Owner,Petrol,UP-53,607000,UP,569770.0,0.0653421556066483,2,normal,0,0.0,over
2015 Maruti Wagon R 1.0,VXI,Manual,56510,1st Owner,Petrol,HR-26,332000,HR,468000.0,-0.2905982905982906,2,normal,0,0.0,deep_under
2020 Maruti Baleno,SIGMA PETROL 1.2,Manual,18446,2nd Owner,Petrol,DL-5C,570000,DL,686300.0,-0.16945942007868278,1,underpriced,0,0.0,under
2018 HYUNDAI ELITE I20,MAGNA EXECUTIVE 1.2,Manual,55117,2nd Owner,Petrol,DL-8C,552000,DL,565700.0,-0.02421778327735549,2,normal,0,0.0,fair
2017 Hyundai Creta,E PLUS 1.6 PETROL,Manual,70443,1st Owner,Petrol,DL-8C,820000,DL,560300.0,0.463501695520257,0,overpriced,1,1.0,deep_over
2019 Hyundai Xcent,SX 1.2,Manual,42846,1st Owner,CNG,DL-9C,579250,DL,574825.0,0.007697995041969295,1,underpriced,0,0.0,fair
2015 Hyundai Grand i10,SPORTZ 1.2 KAPPA VTVT,Manual,46658,1st Owner,Petrol,DL-2C,396000,DL,417200.0,-0.05081495685522531,2,normal,0,0.0,under
2020 TATA ALTROZ,XZ 1.2,Manual,32195,1st Owner,Petrol,HR-19,692000,HR,668500.0,0.035153328347045626,1,underpriced,0,0.0,fair
2022 Tata Tiago,XZ+ CNG 1.2 RTN,Manual,13579,1st Owner,CNG,DL-9C,753000,DL,700000.0,0.07571428571428572,1,underpriced,0,0.0,over
2021 Renault Kiger,RXL EASY R 1.0 L,Automatic,41505,1st Owner,Petrol,HR-19,686000,HR,766500.0,-0.1050228310502283,1,underpriced,0,0.0,under
2016 Toyota Corolla Altis,G AT,Automatic,88365,1st Owner,Petrol,DL-2C,937000,DL,564300.0,0.6604642920432394,0,overpriced,1,1.0,deep_over
2021 Tata Harrier,XT+ Dark Edition,Manual,15347,1st Owner,Diesel,HR-98,1770000,HR,1246870.0,0.4195545646298331,0,overpriced,1,1.0,deep_over
2016 Honda City,1.5 E MT PETROL,Manual,19282,1st Owner,Petrol,DL-14,615000,DL,632500.0,-0.02766798418972332,1,underpriced,0,0.0,fair
2017 Hyundai Grand i10,SPORTZ (O) 1.2 KAPPA VTVT,Manual,50446,1st Owner,Petrol,HR-10,506000,HR,503135.0,0.005694296759319069,2,normal,0,0.0,fair
2020 KIA SELTOS,GTX + AT PETROL,Automatic,9417,1st Owner,Petrol,DL-8C,1663000,DL,1141800.0,0.45647223681905763,0,overpriced,1,1.0,deep_over
2020 Hyundai AURA,SX 1.2,Manual,31093,1st Owner,Petrol,DL-9C,706000,DL,599800.0,0.1770590196732244,1,underpriced,0,0.0,over
2017 Jeep Compass,2.0 LONGITUDE (O),Manual,32038,1st Owner,Diesel,DL-10,1142000,DL,871500.0,0.3103843947217441,0,overpriced,1,1.0,deep_over
2013 HONDA BRIO,1.2 S MT I VTEC,Manual,50574,1st Owner,Petrol,DL-8C,293000,DL,420700.0,-0.30354171618730685,2,normal,1,1.0,deep_under
2021 HYUNDAI VERNA,SX (O) 1.5 CRDI,Manual,36033,1st Owner,Diesel,HR-10,1596000,HR,1047825.0,0.5231551070073724,0,overpriced,1,1.0,deep_over
2018 Nissan Micra Active,XL(O),Manual,18993,2nd Owner,Petrol,HR-26,484000,HR,591600.0,-0.18187964841108858,1,underpriced,0,0.0,under
2019 Tata Tiago,XZA 1.2 REVOTRON,Automatic,52164,1st Owner,Petrol,DL-3C,520000,DL,643700.0,-0.19217026565170112,2,normal,0,0.0,under
2010 Maruti Wagon R 1.0,LXI,Manual,32075,1st Owner,Petrol,DL-9C,190000,DL,411500.0,-0.5382746051032807,1,underpriced,1,1.0,deep_under
2016 Maruti Baleno,DELTA PETROL 1.2,Manual,69292,1st Owner,Petrol,DL-8C,502000,DL,524900.0,-0.043627357591922274,2,normal,0,0.0,fair
2020 MG HECTOR,SHARP DCT PETROL,Automatic,52597,1st Owner,Petrol,UP-41,1612000,UP,889660.0,0.8119281523278555,0,overpriced,1,1.0,deep_over
2019 Maruti Swift,LXI,Manual,51267,1st Owner,CNG,HR-51,570000,HR,556900.0,0.023523074160531513,2,normal,0,0.0,fair
2015 Hyundai i10,MAGNA 1.1 IRDE2,Manual,48832,1st Owner,Petrol,DL-10,343000,DL,514100.0,-0.33281462750437657,2,normal,1,1.0,deep_under
2014 HYUNDAI GRAND I10,SPORTZ 1.2 KAPPA VTVT,Manual,36938,1st Owner,Petrol,DL-8C,362000,DL,406800.0,-0.11012782694198624,1,underpriced,0,0.0,under
2017 Honda Brio,VX AT,Automatic,23106,1st Owner,Petrol,DL-3C,531000,DL,989800.0,-0.4635279854516064,1,underpriced,1,1.0,deep_under
2021 Maruti Swift,ZXI+,Manual,6901,1st Owner,Petrol,DL-8C,819000,DL,752700.0,0.08808290155440414,1,underpriced,0,0.0,over
2020 Maruti Baleno,SIGMA PETROL 1.2,Manual,21864,2nd Owner,Petrol,DL-5C,561000,DL,686300.0,-0.18257321870901938,1,underpriced,0,0.0,under
2018 Honda City,V MT PETROL,Manual,29942,1st Owner,Petrol,DL-3C,864000,DL,750700.0,0.1509258025842547,1,underpriced,0,0.0,over
2018 HONDA AMAZE,1.2 V CVT I VTEC,Automatic,12503,1st Owner,Petrol,DL-14,719000,DL,956000.0,-0.24790794979079497,1,underpriced,0,0.0,deep_under
2017 Maruti Dzire,VXI AMT,Automatic,42526,1st Owner,Petrol,DL-12,570000,DL,615200.0,-0.07347204161248375,1,underpriced,0,0.0,under
2019 Maruti BALENO,DELTA PETROL 1.2,Manual,62610,1st Owner,Petrol,DL-2C,586000,DL,547400.0,0.07051516258677384,2,normal,0,0.0,over
2021 KIA SONET,HTX 1.0 IMT,Manual,11425,1st Owner,Petrol,UP-16,1139000,UP,823800.0,0.3826171400825443,0,overpriced,1,1.0,deep_over
2019 Maruti CIAZ,DELTA 1.5 SHVS VVT MT,Manual,20701,1st Owner,Petrol,DL-12,759000,DL,587200.0,0.29257493188010897,0,overpriced,0,0.0,deep_over
2019 Jeep Compass,1.4  LONGITUDE (O) AT,Automatic,23690,1st Owner,Petrol,DL-3C,1857000,DL,989800.0,0.8761365932511619,0,overpriced,1,1.0,deep_over
2017 Maruti CIAZ,ALPHA 1.4 PETROL,Manual,79277,2nd Owner,Petrol,DL-6C,636000,DL,424900.0,0.4968227818310191,0,overpriced,1,1.0,deep_over
2020 Renault TRIBER,RXZ AT,Automatic,16093,1st Owner,Petrol,UP-32,708000,UP,1052100.0,-0.3270601653835187,1,underpriced,1,1.0,deep_under
2017 Volkswagen Polo,HIGHLINE PLUS 1.2L PETROL,Manual,30398,1st Owner,Petrol,DL-2C,623000,DL,594500.0,0.0479394449116905,1,underpriced,0,0.0,fair
2015 HYUNDAI GRAND I10,ASTA AT 1.2 KAPPA VTVT,Automatic,32744,1st Owner,Petrol,DL-12,502000,DL,726500.0,-0.30901582931865107,1,underpriced,1,1.0,deep_under
2018 Volkswagen Polo,HIGHLINE PLUS 1.2L PETROL,Manual,18913,1st Owner,Petrol,DL-10,627000,DL,658900.0,-0.048414023372287146,1,underpriced,0,0.0,fair
2019 Tata Tiago,XZ PLUS PETROL,Manual,53126,1st Owner,Petrol,HR-72,492000,HR,483235.0,0.018138172938632343,2,normal,0,0.0,fair
2010 Maruti Alto,LXI,Manual,24884,1st Owner,Petrol,UP-14,153000,UP,422500.0,-0.6378698224852071,1,underpriced,1,1.0,deep_under
2016 Maruti Ciaz,VXI PLUS,Manual,47014,2nd Owner,Petrol,DL-2C,614000,DL,577400.0,0.0633875995843436,2,normal,0,0.0,over
2021 KIA SELTOS,HTX 1.5 DIESEL,Manual,60147,1st Owner,Diesel,DL-4C,1357000,DL,779700.0,0.7404129793510325,0,overpriced,1,1.0,deep_over
2017 HYUNDAI VERNA,1.6 VTVT SX (O) AT,Automatic,95153,2nd Owner,Petrol,HR-26,881000,HR,728400.0,0.20950027457440967,2,normal,0,0.0,deep_over
2018 TATA TIAGO,XZA 1.2 REVOTRON,Automatic,53852,1st Owner,Petrol,DL-3C,511000,DL,653600.0,-0.2181762545899633,2,normal,0,0.0,deep_under
2021 Mahindra Thar,LX HT PETROL 4WD MT,Manual,6089,1st Owner,Petrol,DL-10,1476000,DL,1215800.0,0.2140154630695838,1,underpriced,0,0.0,deep_over
2014 Maruti Wagon R 1.0,LXI CNG,Manual,58419,1st Owner,CNG,HR-29,312000,HR,492300.0,-0.3662400975015235,2,normal,1,1.0,deep_under
2020 HYUNDAI VENUE,S 1.2,Manual,74909,1st Owner,Petrol,UP-13,728000,UP,564970.0,0.2885639945483831,2,normal,0,0.0,deep_over
2017 Hyundai Creta,E PLUS 1.6 PETROL,Manual,28028,1st Owner,Petrol,DL-12,925000,DL,589000.0,0.5704584040747029,0,overpriced,1,1.0,deep_over
2020 MG HECTOR,SHARP DCT PETROL,Automatic,34505,1st Owner,Petrol,UP-16,1573000,UP,963460.0,0.6326572976563635,0,overpriced,1,1.0,deep_over
2020 Honda City,VX CVT PETROL,Automatic,26230,2nd Owner,Petrol,UP-14,1147000,UP,745100.0,0.5393906858139847,0,overpriced,1,1.0,deep_over
2015 HONDA CITY,SV CVT PETROL,Automatic,53566,1st Owner,Petrol,DL-4C,653000,DL,653600.0,-0.0009179926560587516,2,normal,0,0.0,fair
2020 Maruti Baleno,ZETA PETROL 1.2,Manual,26354,2nd Owner,CNG,DL-5C,736000,DL,624600.0,0.17835414665385846,1,underpriced,0,0.0,over
2016 Maruti Swift Dzire,ZXI 1.2 BS IV,Manual,13470,1st Owner,Petrol,DL-5C,509000,DL,707800.0,-0.2808703023452953,1,underpriced,0,0.0,deep_under
2011 Honda City,S MT PETROL,Manual,2,2nd Owner,Petrol,HR-26,315000,HR,569100.0,-0.44649446494464945,1,underpriced,1,1.0,deep_under
2017 Maruti Swift,ZXI,Manual,40183,2nd Owner,Petrol,HR-26,525000,HR,479900.0,0.09397791206501355,1,underpriced,0,0.0,over
2017 Honda City,V MT PETROL,Manual,19038,1st Owner,Petrol,DL-3C,794000,DL,792900.0,0.0013873123975280616,1,underpriced,0,0.0,fair
2019 Tata NEXON,XM 1.2,Manual,50331,2nd Owner,CNG,DL-3C,696000,DL,576125.0,0.2080711651117379,0,overpriced,0,0.0,deep_over
2015 Honda Amaze,1.5L I-DTEC S,Manual,45360,2nd Owner,Diesel,HR-30,366000,HR,901600.0,-0.5940550133096717,1,underpriced,1,1.0,deep_under
2019 HONDA AMAZE,1.2L I-VTEC E,Manual,20752,1st Owner,Petrol,DL-4C,608000,DL,586000.0,0.03754266211604096,1,underpriced,0,0.0,fair
2018 TATA HEXA,Varicor 400 XMA,Automatic,76644,1st Owner,Diesel,DL-7C,980000,DL,1192300.0,-0.17805921328524701,2,normal,0,0.0,under
2014 Honda Amaze,1.2L I-VTEC VX,Manual,39936,1st Owner,Petrol,HR-26,392000,HR,712100.0,-0.4495155174834995,1,underpriced,1,1.0,deep_under
2016 HYUNDAI XCENT,SX 1.2 (O),Manual,84007,2nd Owner,Petrol,DL-3C,447000,DL,419200.0,0.06631679389312978,2,normal,0,0.0,over
2014 Maruti SWIFT,LXI,Manual,31519,1st Owner,Petrol,DL-3C,395000,DL,411500.0,-0.040097205346294046,1,underpriced,0,0.0,fair
2018 Mahindra Thar,CRDE 4X4 AC,Manual,41410,1st Owner,Diesel,HR-26,718000,HR,1155825.0,-0.37879869357385415,1,underpriced,1,1.0,deep_under
2017 HYUNDAI CRETA,1.4 S PLUS,Manual,58830,1st Owner,Diesel,DL-1C,859000,DL,779700.0,0.10170578427600359,2,normal,0,0.0,over
2016 Maruti CIAZ,VXI,Manual,33410,2nd Owner,Petrol,DL-12,566000,DL,524800.0,0.07850609756097561,1,underpriced,0,0.0,over
2020 Maruti XL6,ALPHA MT,Manual,24087,1st Owner,Petrol,UP-32,1006000,UP,695800.0,0.44581776372520837,0,overpriced,1,1.0,deep_over
2019 Honda City,SV MT PETROL,Manual,28673,1st Owner,Petrol,DL-11,854000,DL,611225.0,0.3971941592703178,0,overpriced,1,1.0,deep_over
2021 Toyota URBAN CRUISER,HIGH AT,Automatic,30448,1st Owner,Petrol,DL-8C,1064000,DL,791700.0,0.34394341290893016,0,overpriced,1,1.0,deep_over
2020 Hyundai NEW SANTRO,ERA EXECUTIVE,Manual,39364,1st Owner,Petrol,DL-11,456200,DL,596320.0,-0.23497451033002414,1,underpriced,0,0.0,deep_under
2013 Honda Brio,S MT,Manual,26233,1st Owner,Petrol,DL-13,296000,DL,520500.0,-0.4313160422670509,1,underpriced,1,1.0,deep_under
2020 Renault TRIBER,RXZ AT,Automatic,8756,1st Owner,Petrol,UP-32,729000,UP,1052100.0,-0.30710008554319934,1,underpriced,1,1.0,deep_under
2019 Maruti VITARA BREZZA,VDI,Manual,81027,1st Owner,Diesel,DL-1C,739000,DL,782200.0,-0.0552288417284582,2,normal,0,0.0,under
2016 Maruti ALTO K10,LXI CNG,Manual,91884,1st Owner,CNG,HR-26,318000,HR,470400.0,-0.3239795918367347,2,normal,1,1.0,deep_under
2015 Honda City,VX (O) PETROL,Manual,70190,1st Owner,Petrol,HR-29,666000,HR,557700.0,0.19419042495965572,2,normal,0,0.0,over
2016 HYUNDAI ELITE I20,MAGNA 1.2,Manual,33752,1st Owner,Petrol,DL-8C,513000,DL,546000.0,-0.06043956043956044,1,underpriced,0,0.0,under
2014 Honda Amaze,1.2 EXMT I VTEC,Manual,77120,1st Owner,Petrol,DL-4C,348000,DL,558700.0,-0.3771254698407016,2,normal,1,1.0,deep_under
2017 Hyundai Grand i10,MAGNA 1.2 KAPPA VTVT,Manual,35022,1st Owner,Petrol,DL-8C,472000,DL,521400.0,-0.09474491752972766,1,underpriced,0,0.0,under
2017 HONDA JAZZ,1.2L I-VTEC V AT,Automatic,28608,1st Owner,Petrol,DL-12,664000,DL,795000.0,-0.16477987421383647,1,underpriced,0,0.0,under
2018 HYUNDAI VERNA,1.6 VTVT SX (O) AT,Automatic,38660,1st Owner,Petrol,DL-1C,986000,DL,696200.0,0.4162596954898018,0,overpriced,1,1.0,deep_over
2018 Maruti ALTO K10,VXI,Manual,50002,1st Owner,Petrol,DL-3C,323000,DL,419200.0,-0.22948473282442747,2,normal,0,0.0,deep_under
2018 Maruti Dzire,VXI,Manual,53069,1st Owner,Petrol,UP-16,547000,UP,560100.0,-0.023388680592751294,2,normal,0,0.0,fair
2019 HONDA AMAZE,1.2L I-VTEC S,Manual,90618,1st Owner,CNG,DL-3C,628000,DL,505600.0,0.24208860759493672,2,normal,0,0.0,deep_over
2011 Hyundai Santro Xing,GL PLUS,Manual,49322,1st Owner,Petrol,DL-3C,202000,DL,446200.0,-0.547288211564321,2,normal,1,1.0,deep_under
2017 Hyundai Elite i20,SPORTZ 1.2,Manual,54124,1st Owner,Petrol,DL-12,585000,DL,465100.0,0.25779402279079766,0,overpriced,0,0.0,deep_over
2020 Maruti Swift,LXI,Manual,18862,1st Owner,Petrol,UP-14,585000,UP,457900.0,0.2775715221664119,0,overpriced,0,0.0,deep_over
2020 Hyundai Creta,EX 1.5 PETROL,Manual,45938,1st Owner,Petrol,HR-51,1109000,HR,755800.0,0.4673193966657846,0,overpriced,1,1.0,deep_over
2019 HYUNDAI CRETA,SX AT 1.6 PETROL,Automatic,13948,1st Owner,Petrol,UP-14,1337000,UP,1052100.0,0.270791749833666,0,overpriced,0,0.0,deep_over
2018 Honda City,1.5L I-VTEC V MT,Manual,38508,1st Owner,Petrol,DL-11,825000,DL,621220.0,0.328031937155919,0,overpriced,1,1.0,deep_over
2018 Renault Kwid,1.0 RXT Opt,Manual,41823,1st Owner,Petrol,DL-8C,358000,DL,574400.0,-0.3767409470752089,1,underpriced,1,1.0,deep_under
2018 Renault Duster,RXS CVT 106 PS,Automatic,74566,2nd Owner,Petrol,DL-3C,698000,DL,630800.0,0.10653138871274571,2,normal,0,0.0,over
2018 Maruti Baleno,DELTA PETROL 1.2,Manual,28078,1st Owner,Petrol,UP-16,610000,UP,680600.0,-0.10373200117543344,1,underpriced,0,0.0,under
2016 Hyundai Grand i10,MAGNA 1.2 KAPPA VTVT,Manual,1,1st Owner,Petrol,DL-10,456000,DL,574000.0,-0.20557491289198607,1,underpriced,0,0.0,deep_under
2019 Hyundai Elite i20,1.2 SPORTS PLUS VTVT,Manual,49538,1st Owner,Petrol,DL-11,695000,DL,561600.0,0.23753561253561253,0,overpriced,0,0.0,deep_over
2018 Maruti Swift,VXI,Manual,57871,1st Owner,Petrol,DL-3C,533000,DL,469300.0,0.13573407202216067,2,normal,0,0.0,over
2021 VOLKSWAGEN POLO,COMFORTLINE 1.0 TSI MT,Manual,13703,1st Owner,Petrol,DL-7C,803000,DL,718500.0,0.11760612386917188,1,underpriced,0,0.0,over
2016 Maruti Baleno,ALPHA PETROL 1.2,Manual,25628,1st Owner,Petrol,HR-10,573000,HR,601700.0,-0.04769818846601296,1,underpriced,0,0.0,fair
2015 Hyundai Grand i10,MAGNA 1.2 KAPPA VTVT,Manual,57740,1st Owner,Petrol,DL-8C,389000,DL,445100.0,-0.12603909233880026,2,normal,0,0.0,under
2022 Maruti Vitara Brezza,VXI,Manual,4178,1st Owner,Petrol,DL-2C,901000,DL,535900.0,0.6812838216085091,0,overpriced,1,1.0,deep_over
2015 Honda City,SV MT PETROL,Manual,72662,1st Owner,Petrol,UP-14,584000,UP,554700.0,0.052821344871101496,2,normal,0,0.0,over
2017 Hyundai Grand i10,MAGNA 1.2 KAPPA VTVT,Manual,17815,1st Owner,Petrol,DL-9C,484000,DL,570000.0,-0.15087719298245614,1,underpriced,0,0.0,under
2018 Honda City,V MT PETROL,Manual,31912,1st Owner,Petrol,DL-10,848000,DL,762400.0,0.11227701993704092,1,underpriced,0,0.0,over
2020 SKODA RAPID,1.0 AMBITION TSI MT,Manual,45347,1st Owner,Petrol,HR-01,893000,HR,755800.0,0.18152950516009525,0,overpriced,0,0.0,over
2018 HYUNDAI CRETA,1.6 CRDI SX PLUS AUTO,Automatic,58009,2nd Owner,Diesel,UP-32,977000,UP,1021900.0,-0.043937762990507875,2,normal,0,0.0,fair
2017 Hyundai Grand i10,Magna 1.2 AT  VTVT,Automatic,51693,1st Owner,Petrol,DL-8C,475000,DL,590100.0,-0.195051686154889,2,normal,0,0.0,under
2016 Hyundai Grand i10,SPORTZ 1.2 KAPPA VTVT,Manual,24035,1st Owner,Petrol,DL-8C,454000,DL,457600.0,-0.007867132867132868,1,underpriced,0,0.0,fair
2014 Maruti Wagon R 1.0,LXI,Manual,33016,2nd Owner,Petrol,DL-7C,298000,DL,444000.0,-0.32882882882882886,1,underpriced,1,1.0,deep_under
2018 Renault Kwid,1.0 RXT Opt,Manual,15030,1st Owner,Petrol,DL-3C,361000,DL,587700.0,-0.38574102433214225,1,underpriced,1,1.0,deep_under
2018 Hyundai Elite i20,ASTA 1.2,Manual,20590,1st Owner,Petrol,DL-4C,712000,DL,618900.0,0.1504281790273065,1,underpriced,0,0.0,over
2018 Maruti CELERIO,VXI CNG,Manual,49841,1st Owner,CNG,DL-12,489000,DL,545550.0,-0.10365686004949135,2,normal,0,0.0,under
2019 Hyundai Elite i20,1.2 MAGNA PLUS VTVT,Manual,22634,2nd Owner,Petrol,DL-1C,629000,DL,649500.0,-0.03156274056966898,1,underpriced,0,0.0,fair
2019 KIA SELTOS,GTX 1.4 GDI AT PETROL,Automatic,13672,1st Owner,Petrol,UP-70,1441000,UP,1052100.0,0.36964166904286666,0,overpriced,1,1.0,deep_over
2016 Honda Jazz,1.2 SV MT,Manual,51897,1st Owner,Petrol,DL-14,461000,DL,415200.0,0.1103082851637765,2,normal,0,0.0,over
2019 Maruti Alto K10,LXI CNG,Manual,65329,1st Owner,CNG,DL-9C,401000,DL,448000.0,-0.10491071428571429,2,normal,0,0.0,under
2010 Maruti SWIFT DZIRE,ZXI 1.3,Manual,78054,2nd Owner,Petrol,DL-9C,241000,DL,411800.0,-0.41476444876153473,2,normal,1,1.0,deep_under
2021 Tata NEXON,XZ 1.2,Manual,17620,1st Owner,Petrol,DL-9C,938000,DL,726900.0,0.29041133580960243,0,overpriced,0,0.0,deep_over
2021 MAHINDRA XUV 3OO,1.2 W6 MT,Manual,31346,1st Owner,Petrol,DL-3C,1011000,DL,636100.0,0.5893727401351989,0,overpriced,1,1.0,deep_over
2013 Honda City,S MT PETROL,Manual,61408,2nd Owner,Petrol,DL-4C,449000,DL,591600.0,-0.24104124408384042,2,normal,0,0.0,deep_under
2018 Maruti Baleno,ALPHA PETROL 1.2,Manual,20599,2nd Owner,Petrol,HR-26,623000,HR,599100.0,0.03989317309297279,1,underpriced,0,0.0,fair
2019 Hyundai Elite i20,MAGNA PLUS 1.2,Manual,33238,1st Owner,Petrol,HR-26,610000,HR,632200.0,-0.03511546978804176,1,underpriced,0,0.0,fair
2019 VOLKSWAGEN VENTO,1.2 TSI HIGHLINE PLUS AT,Automatic,48179,1st Owner,Petrol,HR-51,850000,HR,775100.0,0.09663269255579925,2,normal,0,0.0,over
2014 HONDA CITY,SV MT PETROL,Manual,62994,1st Owner,Petrol,DL-1C,542000,DL,535300.0,0.012516345974220064,2,normal,0,0.0,fair
2015 Hyundai Elite i20,ASTA 1.2,Manual,62683,1st Owner,Petrol,DL-12,572000,DL,527700.0,0.08394921356831533,2,normal,0,0.0,over
2019 HYUNDAI VENUE,1.0 TURBO GDI SX+ AT,Automatic,57801,1st Owner,Petrol,HR-76,929000,HR,758100.0,0.22543200105526975,2,normal,0,0.0,deep_over
2018 HYUNDAI CRETA,SX 1.6 DIESEL,Manual,61764,2nd Owner,Diesel,DL-5C,993000,DL,839200.0,0.1832697807435653,2,normal,0,0.0,over
2019 Volkswagen Ameo,HIGHLINE PLUS DSG 1.5,Automatic,59657,1st Owner,Diesel,DL-8C,759000,DL,1093900.0,-0.30615229911326447,2,normal,1,1.0,deep_under
2018 VOLKSWAGEN TIGUAN,HIGHLINE A/T,Automatic,68377,1st Owner,Diesel,DL-1C,1996000,DL,1192300.0,0.6740753166149459,0,overpriced,1,1.0,deep_over
2018 HONDA AMAZE,1.5 VXMT I DTEC,Manual,52767,1st Owner,Diesel,DL-10,645000,DL,728000.0,-0.11401098901098901,2,normal,0,0.0,under
2022 Hyundai NEW I20 N LINE,N8 1.0 TURBO GDI DCT,Automatic,14958,1st Owner,Petrol,HR-14,1144000,HR,1151600.0,-0.006599513720041681,1,underpriced,0,0.0,fair
2020 Maruti Swift,LXI,Manual,11175,1st Owner,Petrol,DL-3C,591000,DL,545800.0,0.0828142176621473,1,underpriced,0,0.0,over
2018 Volkswagen Polo,COMFORTLINE 1.0 PETROL,Manual,27132,1st Owner,Petrol,DL-10,662000,DL,532700.0,0.24272573681246482,0,overpriced,0,0.0,deep_over
2017 Hyundai Verna,1.6 SX VTVT AT (O),Automatic,42423,1st Owner,Petrol,DL-12,933000,DL,711700.0,0.3109456231558241,0,overpriced,1,1.0,deep_over
2019 Maruti Swift,LXI,Manual,14058,1st Owner,Petrol,DL-2C,562000,DL,553500.0,0.015356820234869015,1,underpriced,0,0.0,fair
2021 Mahindra Thar,LX D 4*4 MT HT,Manual,16749,2nd Owner,Diesel,HR-24,1500000,HR,1289325.0,0.163399453202257,1,underpriced,0,0.0,over
2018 Maruti ALTO 800,LXI,Manual,27997,2nd Owner,Petrol,HR-36,336000,HR,402200.0,-0.16459472899055197,1,underpriced,0,0.0,under
2017 HYUNDAI GRAND I10,Sportz1.2 CRDI,Manual,68845,1st Owner,Diesel,UP-83,500000,UP,762100.0,-0.3439181209814985,2,normal,1,1.0,deep_under
2014 Toyota Etios,G SP,Manual,78652,1st Owner,Petrol,HR-29,361000,HR,538700.0,-0.3298682012251717,2,normal,1,1.0,deep_under
2020 Maruti SWIFT,LXI,Manual,51768,1st Owner,Petrol,DL-1C,546000,DL,437100.0,0.2491420727522306,0,overpriced,0,0.0,deep_over
2022 MAHINDRA XUV 3OO,1.2 W6 AT,Automatic,6970,1st Owner,Petrol,DL-12,1122000,DL,1133900.0,-0.010494752623688156,1,underpriced,0,0.0,fair
2018 VOLKSWAGEN TIGUAN,HIGHLINE A/T,Automatic,75468,1st Owner,Diesel,DL-1C,1865000,DL,1192300.0,0.564203640023484,0,overpriced,1,1.0,deep_over
2021 Hyundai NEW I20,SPORTZ 1.0T GDI IMT,Manual,15840,1st Owner,Petrol,UP-14,793000,UP,828100.0,-0.0423861852433281,1,underpriced,0,0.0,fair
2018 Honda WR-V,1.2 i-VTEC S MT,Manual,50925,1st Owner,Petrol,UP-53,642000,UP,625200.0,0.026871401151631478,2,normal,0,0.0,fair
2014 Maruti SWIFT,ZXI,Manual,48929,1st Owner,Petrol,DL-3C,458000,DL,487200.0,-0.05993431855500821,2,normal,0,0.0,under
2017 Hyundai Grand i10,MAGNA 1.2 KAPPA VTVT,Manual,30183,1st Owner,Petrol,DL-8C,465000,DL,453400.0,0.025584472871636524,1,underpriced,0,0.0,fair
2022 Maruti BREZZA,ZXI + AT SMART HYBRID,,9124,1st Owner,Petrol,UP-14,1295000,UP,738200.0,0.7542671362774316,0,overpriced,1,1.0,deep_over
2020 TOYOTA YARIS,G MT,Manual,44145,1st Owner,Petrol,DL-1C,847000,DL,642900.0,0.3174677243739306,0,overpriced,1,1.0,deep_over
2018 Maruti Dzire,VDI,Manual,85262,1st Owner,Diesel,DL-12,585000,DL,778400.0,-0.24845837615621788,2,normal,0,0.0,deep_under
2018 Maruti DZIRE,ZDI Plus AMT,Automatic,82887,1st Owner,Diesel,DL-6C,625000,DL,1192300.0,-0.47580306969722386,2,normal,1,1.0,deep_under
2019 Hyundai Creta,SX AT 1.6 PETROL,Automatic,26003,2nd Owner,Petrol,HR-26,1220000,HR,729900.0,0.6714618440882313,0,overpriced,1,1.0,deep_over
2015 Toyota Camry,2.5 AT,Automatic,93626,1st Owner,Petrol,HR-26,1196000,HR,774200.0,0.5448204598295014,2,normal,1,1.0,deep_over
2021 Maruti Swift,LXI,Manual,29670,1st Owner,Petrol,HR-29,568000,HR,512200.0,0.10894181960171807,1,underpriced,0,0.0,over
2021 Mahindra Thar,LX D 4*4 MT HT,Manual,41433,1st Owner,Diesel,HR-54,1484250,HR,1335625.0,0.11127749181094992,1,underpriced,0,0.0,over
2019 HYUNDAI NEW SANTRO,ASTA 1.1 MT,Manual,41819,1st Owner,Petrol,DL-5C,456000,DL,602800.0,-0.2435301924353019,1,underpriced,0,0.0,deep_under
2019 Hyundai VENUE,1.4 CRDI MT SX,Manual,40655,1st Owner,Diesel,DL-5C,928000,DL,885800.0,0.047640550914427635,1,underpriced,0,0.0,fair
2016 Honda Jazz,1.2 V MT,Manual,35734,1st Owner,Petrol,UP-16,471000,UP,607300.0,-0.22443602832208134,1,underpriced,0,0.0,deep_under
2018 Maruti IGNIS,DELTA 1.2,Manual,32089,1st Owner,Petrol,DL-3C,487000,DL,569300.0,-0.14456349903390128,1,underpriced,0,0.0,under
2021 Maruti Baleno,DELTA PETROL 1.2,Manual,42431,1st Owner,Petrol,HR-26,676000,HR,655600.0,0.03111653447223917,1,underpriced,0,0.0,fair
2019 Maruti ALTO K10,VXI,Manual,53883,1st Owner,Petrol,HR-26,366000,HR,501800.0,-0.27062574730968514,2,normal,0,0.0,deep_under
2013 Toyota Etios Liva,G,Manual,77156,1st Owner,Petrol,DL-10,278000,DL,562500.0,-0.5057777777777778,2,normal,1,1.0,deep_under
2020 Maruti Vitara Brezza,ZXI+ DUAL TONE,Manual,30331,1st Owner,Petrol,HR-26,921000,HR,589300.0,0.5628712031223485,0,overpriced,1,1.0,deep_over
2020 Maruti BALENO,ZETA CVT PETROL 1.2,Automatic,35131,2nd Owner,Petrol,UP-16,758000,UP,754660.0,0.004425834150478361,1,underpriced,0,0.0,fair
2017 Renault Duster,RXL PETROL 104,Manual,33494,1st Owner,Petrol,DL-8C,687000,DL,510000.0,0.34705882352941175,0,overpriced,1,1.0,deep_over
2022 Maruti Swift,VXI AMT,Automatic,91,1st Owner,Petrol,HR-26,777200,HR,1104620.0,-0.29640962502942186,1,underpriced,0,0.0,deep_under
2019 VOLKSWAGEN VENTO,COMFORTLINE DIESEL 1.5,Manual,32652,1st Owner,Diesel,UP-14,759000,UP,960700.0,-0.20995107733944,1,underpriced,0,0.0,deep_under
2018 Maruti Wagon R 1.0,VXI AMT,Automatic,24549,2nd Owner,Petrol,DL-5C,448000,DL,588700.0,-0.2390011890606421,1,underpriced,0,0.0,deep_under
2014 Maruti RITZ,VXI ELATE LIMITED EDITION,Manual,52682,1st Owner,Petrol,DL-8C,316000,DL,426900.0,-0.25977980791754507,2,normal,0,0.0,deep_under
2021 Maruti Vitara Brezza,ZXI,Manual,170,1st Owner,Petrol,HR-26,996000,HR,819500.0,0.2153752287980476,1,underpriced,0,0.0,deep_over
2020 Skoda Rapid,1.0 AMBITION TSI AT,Automatic,55243,1st Owner,Petrol,DL-10,932000,DL,715800.0,0.30203967588711933,0,overpriced,1,1.0,deep_over
2019 Jeep Compass,2.0 LIMITED,Manual,47136,1st Owner,Diesel,HR-26,1621000,HR,1203100.0,0.3473526722633198,0,overpriced,1,1.0,deep_over
2020 Maruti Baleno,SIGMA PETROL 1.2,Manual,22354,1st Owner,Petrol,DL-12,603000,DL,565600.0,0.06612446958981612,1,underpriced,0,0.0,over
2016 HYUNDAI ELITE I20,ASTA 1.2 (O),Manual,40106,1st Owner,Petrol,DL-7C,614000,DL,570020.0,0.07715518753727939,1,underpriced,0,0.0,over
2018 Maruti WAGON R 1.0,VXI,Manual,48863,1st Owner,Petrol,HR-26,404000,HR,429700.0,-0.05980916918780545,2,normal,0,0.0,under
2013 Maruti SWIFT DZIRE,VXI,Manual,48669,1st Owner,Petrol,DL-3C,380000,DL,419200.0,-0.09351145038167939,2,normal,0,0.0,under
2018 Maruti VITARA BREZZA,ZDI PLUS,Manual,50465,1st Owner,Diesel,UP-14,770000,UP,782500.0,-0.01597444089456869,2,normal,0,0.0,fair
2018 Maruti Baleno,DELTA 1.2 K12,Manual,39910,2nd Owner,Petrol,DL-7C,526000,DL,595500.0,-0.11670864819479429,1,underpriced,0,0.0,under
2020 Maruti Vitara Brezza,ZDI,Manual,31439,1st Owner,Diesel,DL-4C,880000,DL,894300.0,-0.015990159901599015,1,underpriced,0,0.0,fair
2022 Maruti Dzire,ZXI AMT,Automatic,1570,1st Owner,Petrol,DL-12,924000,DL,1061800.0,-0.12977961951403277,1,underpriced,0,0.0,under
2019 Maruti CELERIO,VXI,Manual,44893,1st Owner,Petrol,DL-1C,446000,DL,419200.0,0.06393129770992366,2,normal,0,0.0,over
2017 Hyundai Grand i10,SPORTZ (O) 1.2 KAPPA VTVT,Manual,36974,1st Owner,Petrol,UP-14,488000,UP,598800.0,-0.1850367401469606,1,underpriced,0,0.0,under
2018 Maruti IGNIS,SIGMA 1.2,Manual,35874,2nd Owner,Petrol,DL-12,434000,DL,523300.0,-0.1706478119625454,1,underpriced,0,0.0,under
2018 Honda WR-V,1.2L I-VTEC S MT,Manual,27235,1st Owner,Petrol,HR-36,677000,HR,651200.0,0.03961916461916462,1,underpriced,0,0.0,fair
2019 Maruti Baleno,DELTA PETROL 1.2,Manual,33836,1st Owner,Petrol,DL-3C,615000,DL,603200.0,0.01956233421750663,1,underpriced,0,0.0,fair
2017 Honda City,V MT PETROL,Manual,35601,1st Owner,Petrol,UP-16,774000,UP,762000.0,0.015748031496062992,1,underpriced,0,0.0,fair
2016 Ford Ecosport,1.0 TREND+ (ECOBOOST),Manual,59612,1st Owner,Petrol,DL-10,632000,DL,472200.0,0.33841592545531557,0,overpriced,1,1.0,deep_over
2012 Honda City,S MT PETROL,Manual,63533,1st Owner,Petrol,HR-26,415000,HR,511400.0,-0.1885021509581541,2,normal,0,0.0,under
2019 FORD ECOSPORT,TITANIUM 1.5L PETROL,Manual,22270,1st Owner,Petrol,UP-16,793000,UP,681500.0,0.1636096845194424,1,underpriced,0,0.0,over
2016 Maruti Celerio,ZXI AMT,Automatic,44995,2nd Owner,Petrol,DL-8C,399000,DL,575000.0,-0.3060869565217391,1,underpriced,1,1.0,deep_under
2015 Toyota Corolla Altis,GL,Manual,100530,1st Owner,Petrol,DL-3C,799000,DL,451400.0,0.770048737261852,0,overpriced,1,1.0,deep_over
2015 Maruti Celerio,VXI AMT,Automatic,63382,2nd Owner,Petrol,DL-5C,361000,DL,611000.0,-0.40916530278232405,2,normal,1,1.0,deep_under
2020 Hyundai NEW SANTRO,SPORTZ AMT,Automatic,35686,1st Owner,Petrol,DL-10,551000,DL,777120.0,-0.2909717932880379,1,underpriced,0,0.0,deep_under
2021 Maruti Celerio,VXI,Manual,25145,1st Owner,Petrol,HR-98,475000,HR,467700.0,0.015608295916185589,1,underpriced,0,0.0,fair
2019 Hyundai Creta,1.6 SX VTVT,Manual,12938,1st Owner,Petrol,DL-7C,1137000,DL,768800.0,0.47892819979188345,0,overpriced,1,1.0,deep_over
2015 TOYOTA COROLLA ALTIS,VL CVT PETROL,Automatic,51062,1st Owner,Petrol,DL-10,934000,DL,643700.0,0.45098648438713684,0,overpriced,1,1.0,deep_over
2019 Volkswagen POLO,GT TDI,Manual,85697,1st Owner,Diesel,UP-16,744000,UP,776570.0,-0.04194084242244743,2,normal,0,0.0,fair
2017 Ford Ecosport,TREND 1.5L PETROL,Manual,73522,1st Owner,Petrol,UP-14,600000,UP,553700.0,0.08361928842333394,2,normal,0,0.0,over
2017 Maruti Dzire,VXI,Manual,48730,1st Owner,Petrol,HR-26,552000,HR,452100.0,0.22096881220968811,0,overpriced,0,0.0,deep_over
2011 Hyundai i10,SPORTZ 1.2 AT,Automatic,22517,2nd Owner,Petrol,DL-3C,250000,DL,610500.0,-0.5904995904995906,1,underpriced,1,1.0,deep_under
2018 Maruti DZIRE,VXI AMT,Automatic,49929,1st Owner,Petrol,DL-9C,625000,DL,598200.0,0.044801069876295556,2,normal,0,0.0,fair
2019 KIA SELTOS,HTK 1.5 PETROL,Manual,7221,1st Owner,Petrol,HR-26,1132000,HR,1076800.0,0.0512630014858841,1,underpriced,0,0.0,over
2019 Maruti Baleno,DELTA PETROL 1.2,Manual,17266,1st Owner,Petrol,HR-26,643000,HR,651600.0,-0.013198281154082258,1,underpriced,0,0.0,fair
2015 Honda Jazz,1.2 V AT,Automatic,65103,1st Owner,Petrol,DL-5C,523000,DL,566300.0,-0.07646123962564012,2,normal,0,0.0,under
2020 Renault Kwid,1.0 RXT Opt AT,Automatic,13095,1st Owner,Petrol,DL-3C,472000,DL,833800.0,-0.4339170064763732,1,underpriced,1,1.0,deep_under
2017 Maruti BALENO,DELTA PETROL 1.2,Manual,39745,1st Owner,Petrol,DL-12,562000,DL,575000.0,-0.022608695652173914,1,underpriced,0,0.0,fair
2016 Maruti Baleno,DELTA PETROL 1.2,Manual,41373,1st Owner,Petrol,DL-2C,517000,DL,563600.0,-0.08268275372604685,1,underpriced,0,0.0,under
2018 Mahindra TUV 300 PLUS,P8,Manual,83004,1st Owner,Diesel,DL-8C,819000,DL,786500.0,0.04132231404958678,2,normal,0,0.0,fair
2020 HYUNDAI GRAND I10 NIOS,MAGNA 1.2 KAPPA VTVT,Manual,19713,1st Owner,Petrol,HR-26,577000,HR,552500.0,0.044343891402714934,1,underpriced,0,0.0,fair
2014 Honda Amaze,1.2 EMT I VTEC,Manual,27324,1st Owner,Petrol,DL-13,394000,DL,511600.0,-0.22986708365910868,1,underpriced,0,0.0,deep_under
2017 Maruti Ciaz,ALPHA 1.4 VVT,Manual,98200,1st Owner,Petrol,DL-8C,653000,DL,484200.0,0.3486162742668319,2,normal,1,1.0,deep_over
2016 Honda City,V MT PETROL,Manual,33591,1st Owner,Petrol,DL-10,698000,DL,751100.0,-0.07069631207562242,1,underpriced,0,0.0,under
2021 KIA SELTOS,HTX 1.5 PETROL,Manual,9337,1st Owner,Petrol,HR-98,1496000,HR,949800.0,0.5750684354600969,0,overpriced,1,1.0,deep_over
2022 Tata Tiago,XZ+ CNG 1.2 RTN,Manual,30399,1st Owner,CNG,HR-26,757000,HR,625600.0,0.2100383631713555,0,overpriced,0,0.0,deep_over
2019 Maruti Baleno,ZETA PETROL 1.2,Manual,55153,1st Owner,Petrol,DL-2C,663000,DL,570300.0,0.16254602840610205,2,normal,0,0.0,over
2020 Toyota YARIS,J CVT,Automatic,38184,1st Owner,Petrol,DL-10,903000,DL,696200.0,0.29704108014938235,0,overpriced,0,0.0,deep_over
2014 HYUNDAI ELITE I20,ASTA 1.2,Manual,51113,1st Owner,Petrol,UP-78,503000,UP,623700.0,-0.1935225268558602,2,normal,0,0.0,under
2019 Maruti New Wagon-R,1.0 LXI (O),Manual,38582,1st Owner,Petrol,HR-76,449000,HR,656400.0,-0.31596587446678853,1,underpriced,1,1.0,deep_under
2018 Maruti CIAZ,ALPHA 1.5 SHVS PETROL,Manual,42142,2nd Owner,Petrol,HR-26,825000,HR,553700.0,0.48997652158208416,0,overpriced,1,1.0,deep_over
2019 Hyundai VENUE,1.4 CRDI MT SX,Manual,88117,1st Owner,Diesel,HR-29,845000,HR,848500.0,-0.0041249263406010605,2,normal,0,0.0,fair
2017 Maruti Baleno,DELTA PETROL 1.2,Manual,42192,1st Owner,Petrol,DL-9C,558000,DL,562100.0,-0.007294075787226472,1,underpriced,0,0.0,fair
2017 Maruti CIAZ,DELTA 1.4 AT PETROL,Automatic,45176,1st Owner,Petrol,DL-9C,779000,DL,678000.0,0.14896755162241887,2,normal,0,0.0,over
2021 KIA SONET,HTK+ 1.5D MT,Manual,27698,1st Owner,Diesel,UP-32,1034000,UP,1008000.0,0.025793650793650792,1,underpriced,0,0.0,fair
2016 Maruti Celerio,VXI AMT,Automatic,65851,1st Owner,Petrol,DL-8C,394000,DL,462800.0,-0.14866032843560933,2,normal,0,0.0,under
2020 Tata NEXON,XZ+ OPT PETROL,Manual,22652,1st Owner,Petrol,HR-26,952000,HR,749165.0,0.2707480995508333,0,overpriced,0,0.0,deep_over
2018 Volkswagen Polo,HIGHLINE PLUS 1.5L DIESEL,Manual,36305,1st Owner,Diesel,HR-51,644000,HR,1081125.0,-0.4043241993294022,1,underpriced,1,1.0,deep_under
2018 Hyundai Grand i10,MAGNA 1.2 KAPPA VTVT,Manual,27213,2nd Owner,Petrol,DL-1C,475000,DL,570500.0,-0.16739702015775634,1,underpriced,0,0.0,under
2018 Hyundai NEW SANTRO,SPORTZ CNG,Manual,66932,1st Owner,CNG,DL-8C,469000,DL,529200.0,-0.11375661375661375,2,normal,0,0.0,under
2017 Maruti BALENO,DELTA PETROL 1.2,Manual,23526,1st Owner,Petrol,DL-8C,563000,DL,587300.0,-0.041375787502128385,1,underpriced,0,0.0,fair
2015 Honda City,V MT PETROL,Manual,67367,1st Owner,Petrol,DL-4C,636000,DL,565200.0,0.12526539278131635,2,normal,0,0.0,over
2018 Hyundai Elite i20,SPORTZ 1.2,Manual,52575,1st Owner,Petrol,UP-16,631000,UP,621300.0,0.015612425559311123,2,normal,0,0.0,fair
2017 TOYOTA COROLLA ALTIS,G AT,Automatic,75836,1st Owner,Petrol,DL-10,1139000,DL,564300.0,1.0184299131667554,0,overpriced,1,1.0,deep_over
2018 Mahindra Thar,CRDE 4X4 BS IV,Manual,21244,1st Owner,Diesel,DL-10,882000,DL,967000.0,-0.08790072388831438,1,underpriced,0,0.0,under
2015 HYUNDAI ELITE I20,SPORTZ 1.2 (O),Manual,20466,1st Owner,Petrol,DL-1C,604000,DL,585600.0,0.031420765027322405,1,underpriced,0,0.0,fair
2022 Maruti Celerio,LXI,Manual,8977,1st Owner,Petrol,DL-8C,526000,DL,525600.0,0.00076103500761035,1,underpriced,0,0.0,fair
2021 Skoda Rapid,STYLE 1.0TSI MT,Manual,13030,1st Owner,Petrol,UP-78,1210000,UP,867900.0,0.394169835234474,0,overpriced,1,1.0,deep_over
2021 Maruti IGNIS,ZETA 1.2,Manual,9558,1st Owner,Petrol,DL-5C,632000,DL,593300.0,0.06522838361705714,1,underpriced,0,0.0,over
2015 Maruti Ciaz,ZXI,Manual,23364,1st Owner,Petrol,DL-5C,611000,DL,562100.0,0.08699519658423768,1,underpriced,0,0.0,over
2022 Tata Safari,XZA PLUS GOLD,Automatic,20424,1st Owner,Diesel,UP-16,2186000,UP,1505200.0,0.45229869784746213,0,overpriced,1,1.0,deep_over
2021 Maruti S Cross,SIGMA 1.5 SHVS,Manual,17916,1st Owner,Petrol,UP-85,880000,UP,735800.0,0.19597716770861648,1,underpriced,0,0.0,over
2017 Hyundai Grand i10,SPORTZ (O) AT 1.2 KAPPA VTVT,Automatic,22284,1st Owner,Petrol,DL-4C,558000,DL,760500.0,-0.26627218934911245,1,underpriced,0,0.0,deep_under
2019 Tata Tiago,XZ 1.2 REVOTRON,Manual,38715,1st Owner,Petrol,UP-16,503000,UP,609900.0,-0.1752746351860961,1,underpriced,0,0.0,under
2014 HONDA AMAZE,1.2 SMT I VTEC,Manual,70134,1st Owner,Petrol,DL-4C,367000,DL,533800.0,-0.31247658298988384,2,normal,1,1.0,deep_under
2015 Hyundai i20 Active,1.2 S,Manual,37975,2nd Owner,Petrol,DL-8C,541000,DL,583300.0,-0.07251842962454998,1,underpriced,0,0.0,under
2017 Maruti BALENO,DELTA PETROL 1.2,Manual,89081,1st Owner,CNG,HR-12,559000,HR,537300.0,0.04038712078913084,2,normal,0,0.0,fair
2014 Maruti Ciaz,ZXI,Manual,79832,1st Owner,Petrol,HR-26,565000,HR,530900.0,0.06423055189301187,2,normal,0,0.0,over
2018 Maruti Vitara Brezza,ZDI PLUS AMT,Automatic,89151,1st Owner,Diesel,UP-16,837000,UP,1008800.0,-0.1703013481363997,2,normal,0,0.0,under
2012 Maruti Swift,VXI,Manual,52784,1st Owner,Petrol,DL-2C,308000,DL,420600.0,-0.2677127912505944,2,normal,0,0.0,deep_under
2020 Maruti Baleno,ZETA PETROL 1.2,Manual,14813,1st Owner,Petrol,UP-16,715000,UP,845900.0,-0.15474642392717816,1,underpriced,0,0.0,under
2020 Maruti Swift,LXI,Manual,66583,1st Owner,Petrol,DL-8C,542000,DL,441900.0,0.22652183751980087,2,normal,0,0.0,deep_over
2015 HYUNDAI XCENT,S 1.2,Manual,50990,2nd Owner,Petrol,HR-26,427000,HR,466000.0,-0.08369098712446352,2,normal,0,0.0,under
2018 Maruti Baleno,DELTA PETROL 1.2,Manual,15569,1st Owner,Petrol,DL-2C,597000,DL,596600.0,0.0006704659738518271,1,underpriced,0,0.0,fair
2014 Hyundai Grand i10,SPORTZ 1.2 KAPPA VTVT,Manual,77808,1st Owner,Petrol,UP-14,346000,UP,568970.0,-0.3918835790990738,2,normal,1,1.0,deep_under
2018 Maruti Celerio,VXI CNG,Manual,81143,1st Owner,CNG,DL-9C,462000,DL,509300.0,-0.09287257019438445,2,normal,0,0.0,under
2019 Hyundai Elite i20,1.2 SPORTS PLUS VTVT,Manual,30152,2nd Owner,Petrol,HR-26,662000,HR,574200.0,0.15290839428770464,1,underpriced,0,0.0,over
2019 Maruti BALENO,ZETA PETROL 1.2,Manual,0,1st Owner,Petrol,DL-8C,760000,DL,757300.0,0.003565297768387693,1,underpriced,0,0.0,fair
2018 Hyundai Grand i10,MAGNA 1.2 VTVT,Manual,15736,1st Owner,Petrol,DL-10,478000,DL,667700.0,-0.28410963007338624,1,underpriced,0,0.0,deep_under
2019 Maruti Baleno,DELTA PETROL 1.2,Manual,74161,2nd Owner,CNG,HR-34,596000,HR,545500.0,0.0925756186984418,2,normal,0,0.0,over
2016 Honda Jazz,1.2 S AT,Automatic,68766,1st Owner,Petrol,DL-4C,515000,DL,554400.0,-0.07106782106782107,2,normal,0,0.0,under
2017 Maruti Ciaz,DELTA 1.4 VVT,Manual,66931,1st Owner,Petrol,DL-7C,660000,DL,519200.0,0.2711864406779661,2,normal,0,0.0,deep_over
2019 Hyundai NEW SANTRO,SPORTZ 1.1,Manual,29826,2nd Owner,Petrol,HR-26,437000,HR,561600.0,-0.22186609686609687,1,underpriced,0,0.0,deep_under
2011 Toyota COROLLA ALTIS,1.8 G,Manual,66466,2nd Owner,Petrol,DL-12,408000,DL,492400.0,-0.17140536149471974,2,normal,0,0.0,under
2015 HYUNDAI ELITE I20,ASTA 1.2 (O),Manual,72417,2nd Owner,Petrol,DL-12,541000,DL,425800.0,0.2705495537811179,2,normal,0,0.0,deep_over
2018 Maruti Swift,ZXI,Manual,42705,1st Owner,Petrol,DL-3C,628000,DL,494400.0,0.2702265372168285,0,overpriced,0,0.0,deep_over
2019 Maruti SWIFT,LXI,Manual,70182,1st Owner,Petrol,DL-12,545000,DL,441400.0,0.23470774807430902,2,normal,0,0.0,deep_over
2021 Tata TIGOR,XZ PETROL,Manual,39895,1st Owner,Petrol,DL-7C,646000,DL,591820.0,0.0915481058429928,1,underpriced,0,0.0,over
2021 Maruti New Wagon-R,LXI CNG (O) 1.0,Manual,12121,1st Owner,CNG,HR-26,582000,HR,642500.0,-0.09416342412451362,1,underpriced,0,0.0,under
2019 Maruti Vitara Brezza,ZDI PLUS DUAL TONE,Manual,68208,1st Owner,Diesel,HR-26,879000,HR,930100.0,-0.05494032899688205,2,normal,0,0.0,under
2018 Maruti IGNIS,DELTA 1.2 K12,Manual,92670,1st Owner,Petrol,DL-2C,426000,DL,451400.0,-0.056269384138236594,2,normal,0,0.0,under
2022 Maruti New Wagon-R,VXI 1.0,Manual,3741,1st Owner,Petrol,HR-51,612000,HR,891200.0,-0.3132854578096948,1,underpriced,1,1.0,deep_under
2019 Renault Kwid,RXL,Manual,19729,1st Owner,Petrol,DL-8C,373000,DL,503800.0,-0.25962683604605,1,underpriced,0,0.0,deep_under
2019 Mahindra XUV500,W11,Manual,32204,1st Owner,Diesel,DL-1C,1375000,DL,943900.0,0.4567221103930501,0,overpriced,1,1.0,deep_over
2016 Hyundai Elite i20,MAGNA 1.2,Manual,38043,1st Owner,Petrol,DL-7C,523000,DL,525100.0,-0.003999238240335174,1,underpriced,0,0.0,fair
2015 Maruti Swift,VXI,Manual,78540,1st Owner,Petrol,DL-9C,453000,DL,409000.0,0.10757946210268948,2,normal,0,0.0,over
2017 Maruti S CROSS,ZETA 1.3,Manual,37911,1st Owner,Diesel,DL-8C,662000,DL,870200.0,-0.2392553435991726,1,underpriced,0,0.0,deep_under
2018 Maruti CELERIO X,ZXI,Manual,48335,1st Owner,Petrol,DL-9C,429000,DL,493700.0,-0.13105124569576665,2,normal,0,0.0,under
2017 Maruti SWIFT,LXI (O),Manual,43904,2nd Owner,Petrol,DL-12,446000,DL,554900.0,-0.1962515768606956,1,underpriced,0,0.0,under
2018 Maruti Celerio,VXI CNG,Manual,81406,1st Owner,CNG,DL-9C,473000,DL,509300.0,-0.07127429805615551,2,normal,0,0.0,under
2017 Hyundai Creta,1.4 E PLUS CRDI,Manual,98513,1st Owner,Diesel,HR-36,782000,HR,813400.0,-0.038603393164494716,2,normal,0,0.0,fair
2018 Honda Amaze,1.5 SMT I DTEC,Manual,82187,1st Owner,Diesel,DL-10,564000,DL,786500.0,-0.2828989192625556,2,normal,0,0.0,deep_under
2019 Mahindra XUV500,W11 (O),Manual,23017,1st Owner,Diesel,DL-12,1503000,DL,967000.0,0.5542916235780765,0,overpriced,1,1.0,deep_over
2017 HYUNDAI ELITE I20,ASTA 1.2,Manual,24418,1st Owner,Petrol,DL-8C,654000,DL,557400.0,0.17330462863293863,1,underpriced,0,0.0,over
2016 Maruti Baleno,DELTA PETROL 1.2,Manual,28131,2nd Owner,Petrol,DL-1C,538000,DL,546200.0,-0.015012815818381545,1,underpriced,0,0.0,fair
2021 DATSUN REDI GO,T (O),Manual,7330,1st Owner,Petrol,HR-72,400000,HR,956500.0,-0.5818086774699425,1,underpriced,1,1.0,deep_under
2020 Honda Amaze,1.2L I-VTEC E,Manual,13328,1st Owner,Petrol,HR-26,672000,HR,791865.0,-0.1513704987592582,1,underpriced,0,0.0,under
2019 Hyundai Verna,1.6 CRDI SX,Manual,37640,1st Owner,Diesel,HR-51,1052000,HR,1081125.0,-0.026939530581570125,1,underpriced,0,0.0,fair
2018 HYUNDAI CRETA,E PLUS 1.4 DIESEL,Manual,93155,2nd Owner,Diesel,UP-16,852000,UP,847900.0,0.00483547588158981,2,normal,0,0.0,fair
2014 Maruti Swift Dzire,ZXI,Manual,70706,1st Owner,Petrol,DL-2C,442000,DL,491700.0,-0.10107789302420175,2,normal,0,0.0,under
2017 Maruti Baleno,ZETA PETROL 1.2,Manual,29157,1st Owner,Petrol,DL-9C,568000,DL,582525.0,-0.024934552165143127,1,underpriced,0,0.0,fair
2016 Toyota Innova Crysta,2.4 VX 7 STR,Manual,72147,1st Owner,Diesel,HR-36,1444000,HR,922100.0,0.5659906734627481,0,overpriced,1,1.0,deep_over
2017 HONDA WR-V,1.5 i-DTEC S MT,Manual,61469,1st Owner,Diesel,HR-26,612000,HR,955000.0,-0.35916230366492147,2,normal,1,1.0,deep_under
2022 Renault Kiger, RXT (O) AMT 1.0 DUAL TONE,Automatic,6642,1st Owner,Petrol,UP-14,842000,UP,1052100.0,-0.19969584640243324,1,underpriced,0,0.0,under
2020 Skoda Rapid,1.0 AMBITION TSI AT,Automatic,10713,1st Owner,Petrol,DL-10,1051000,DL,978800.0,0.07376379239885573,1,underpriced,0,0.0,over
2019 Maruti Baleno,DELTA PETROL 1.2,Manual,61195,2nd Owner,Petrol,UP-14,579000,UP,569900.0,0.015967713633970874,2,normal,0,0.0,fair
2020 Maruti Swift,LXI,Manual,2297,2nd Owner,Petrol,DL-14,582000,DL,481100.0,0.2097277073373519,1,underpriced,0,0.0,deep_over
2018 Maruti Vitara Brezza,ZDI,Manual,40587,2nd Owner,Diesel,DL-3C,719000,DL,776500.0,-0.07405022537025113,1,underpriced,0,0.0,under
2020 KIA SELTOS,HTK PLUS 1.5 DIESEL,Manual,84335,1st Owner,Diesel,DL-12,1248000,DL,786500.0,0.5867768595041323,0,overpriced,1,1.0,deep_over
2018 Ford Ecosport,1.5TITANIUM TDCI,Manual,45730,1st Owner,Diesel,DL-12,758000,DL,895500.0,-0.15354550530429928,2,normal,0,0.0,under
2021 Honda Amaze,1.2 V CVT I VTEC,Automatic,21826,1st Owner,Petrol,DL-4C,833000,DL,1026000.0,-0.1881091617933723,1,underpriced,0,0.0,under
2018 HYUNDAI TUCSON NEW,GLS 4WD AT DIESEL,Automatic,25149,1st Owner,Diesel,UP-16,1846000,UP,1164200.0,0.5856382064937296,0,overpriced,1,1.0,deep_over
2018 HONDA CITY,VX CVT PETROL,Automatic,75891,1st Owner,Petrol,UP-32,898000,UP,792400.0,0.1332660272589601,2,normal,0,0.0,over
2020 Honda Amaze,1.2L I-VTEC S,Manual,47657,1st Owner,Petrol,DL-3C,635000,DL,485900.0,0.3068532619880634,0,overpriced,1,1.0,deep_over
2019 HYUNDAI CRETA,SX AT 1.6 DIESEL,Automatic,80459,1st Owner,Diesel,UP-14,1274000,UP,922000.0,0.38177874186550975,2,normal,1,1.0,deep_over
2021 Honda City,V MT PETROL,Manual,19216,1st Owner,Petrol,UP-16,960000,UP,821500.0,0.16859403530127814,1,underpriced,0,0.0,over
2019 Hyundai Creta,1.6 SX VTVT (O) EXECUTIVE,Manual,81872,1st Owner,Petrol,DL-12,1160000,DL,503600.0,1.3034154090548054,0,overpriced,1,1.0,deep_over
2020 Hyundai Elite i20,1.2 SPORTS PLUS VTVT,Manual,38241,1st Owner,Petrol,DL-1C,770000,DL,517220.0,0.48872820076563167,0,overpriced,1,1.0,deep_over
2015 Hyundai Grand i10,ASTA AT 1.2 KAPPA VTVT,Automatic,75171,1st Owner,Petrol,DL-2C,423000,DL,508800.0,-0.16863207547169812,2,normal,0,0.0,under
2020 Hyundai NEW SANTRO,MAGNA CNG,Manual,19016,2nd Owner,CNG,DL-1C,505000,DL,714300.0,-0.29301413971720564,1,underpriced,0,0.0,deep_under
2018 Honda City,V MT PETROL,Manual,49089,1st Owner,Petrol,DL-10,829000,DL,698600.0,0.18665903235041512,2,normal,0,0.0,over
2017 Hyundai Grand i10,SPORTZ (O) 1.2 AT VTVT,Automatic,30210,1st Owner,Petrol,DL-8C,576000,DL,669200.0,-0.13927077106993424,1,underpriced,0,0.0,under
2014 HONDA CITY,SV MT PETROL,Manual,60378,1st Owner,Petrol,UP-32,521000,UP,567800.0,-0.08242338851708347,2,normal,0,0.0,under
2018 Maruti VITARA BREZZA,ZDI + AMT,Automatic,41271,1st Owner,Diesel,DL-2C,848000,DL,888600.0,-0.04568984920099032,1,underpriced,0,0.0,fair
2021 Hyundai VENUE,S 1.0 TURBO IMT,Manual,23036,1st Owner,Petrol,DL-10,1033000,DL,601700.0,0.7168023932192122,0,overpriced,1,1.0,deep_over
2019 HYUNDAI NEW SANTRO,SPORTZ 1.1,Manual,10632,1st Owner,Petrol,DL-12,481000,DL,669000.0,-0.28101644245142005,1,underpriced,0,0.0,deep_under
2019 Ford Ecosport,1.5 TREND TI VCT,Manual,20728,2nd Owner,CNG,HR-29,755000,HR,648800.0,0.16368680641183725,1,underpriced,0,0.0,over
2021 TOYOTA YARIS,J MT,Manual,8465,1st Owner,Petrol,DL-10,988000,DL,670800.0,0.4728682170542636,0,overpriced,1,1.0,deep_over
2021 Maruti Baleno,DELTA PETROL 1.2,Manual,44141,1st Owner,Petrol,DL-8C,668000,DL,609600.0,0.09580052493438321,1,underpriced,0,0.0,over
2017 HYUNDAI GRAND I10,MAGNA 1.2 KAPPA VTVT,Manual,35810,2nd Owner,CNG,HR-26,457000,HR,627100.0,-0.27124860468824746,1,underpriced,0,0.0,deep_under
2016 Hyundai Elite i20,ASTA 1.2,Manual,32296,1st Owner,Petrol,DL-2C,596000,DL,560200.0,0.06390574794716172,1,underpriced,0,0.0,over
2021 Hyundai NEW I20,MAGNA 1.5 MT,Manual,11726,1st Owner,Diesel,HR-98,829000,HR,1217570.0,-0.3191356554448615,1,underpriced,1,1.0,deep_under
2014 Maruti Wagon R 1.0,LXI,Manual,23760,1st Owner,Petrol,DL-2C,324000,DL,429500.0,-0.24563445867287545,1,underpriced,0,0.0,deep_under
2017 Maruti CIAZ,DELTA 1.4 MT PETROL,Manual,83946,2nd Owner,Petrol,HR-26,626000,HR,519700.0,0.20454108139311142,2,normal,0,0.0,deep_over
2020 KIA SELTOS,HTK PLUS AT 1.5 DIESEL,Automatic,49488,1st Owner,Diesel,HR-26,1377000,HR,1370675.0,0.0046145147463840805,2,normal,0,0.0,fair
2018 Maruti CIAZ,ALPHA 1.5 SHVS PETROL,Manual,55980,2nd Owner,Petrol,DL-12,875000,DL,614400.0,0.4241536458333333,0,overpriced,1,1.0,deep_over
2015 HONDA CITY,SV MT PETROL,Manual,47670,2nd Owner,Petrol,DL-4C,615000,DL,576500.0,0.06678230702515178,2,normal,0,0.0,over
2015 Maruti Swift,LXI,Manual,55080,1st Owner,Petrol,DL-2C,432000,DL,429500.0,0.005820721769499418,2,normal,0,0.0,fair
2020 Maruti Dzire,VXI AMT,Automatic,70510,2nd Owner,Petrol,HR-51,692000,HR,551900.0,0.2538503352056532,2,normal,0,0.0,deep_over
2020 Hyundai VENUE,SX PLUS 1.0 TURBO DCT,Automatic,18194,1st Owner,Petrol,DL-5C,1124000,DL,1010800.0,0.11199050257222003,1,underpriced,0,0.0,over
2018 Maruti Baleno,DELTA PETROL 1.2,Manual,24674,2nd Owner,Petrol,DL-6C,601000,DL,600300.0,0.0011660836248542396,1,underpriced,0,0.0,fair
2017 Maruti CIAZ,SIGMA 1.4 VVT,Manual,69680,1st Owner,Petrol,HR-26,611000,HR,531200.0,0.15022590361445784,2,normal,0,0.0,over
2018 Maruti Swift,VXI,Manual,55483,1st Owner,Petrol,DL-1C,548000,DL,469300.0,0.1676965693586192,2,normal,0,0.0,over
2018 Hyundai Grand i10,MAGNA 1.2 KAPPA VTVT,Manual,85759,2nd Owner,CNG,HR-51,472000,HR,520000.0,-0.09230769230769231,2,normal,0,0.0,under
2018 Maruti Vitara Brezza,ZDI PLUS DUAL TONE,Manual,48535,1st Owner,Diesel,DL-12,763000,DL,875400.0,-0.12839844642449166,2,normal,0,0.0,under
2020 KIA SELTOS,GTX + AT PETROL,Automatic,28506,1st Owner,Petrol,HR-26,1633000,HR,1104000.0,0.4791666666666667,0,overpriced,1,1.0,deep_over
2014 Honda Amaze,1.2 SX MT I VTEC,Manual,55379,1st Owner,Petrol,DL-3C,423000,DL,468300.0,-0.09673286354900705,2,normal,0,0.0,under
2020 Maruti Baleno,ALPHA PETROL 1.2,Manual,22244,1st Owner,Petrol,DL-6C,778000,DL,589000.0,0.32088285229202035,0,overpriced,1,1.0,deep_over
2019 Honda Amaze,VX AT I DTEC,Automatic,69222,2nd Owner,Diesel,HR-26,740000,HR,783300.0,-0.05527894804034214,2,normal,0,0.0,under
2013 HONDA BRIO,1.2 S MT I VTEC,Manual,43956,1st Owner,Petrol,DL-2C,313000,DL,555200.0,-0.4362391930835735,1,underpriced,1,1.0,deep_under
2015 Honda City,1.5L I-VTEC VX CVT,Automatic,34851,1st Owner,Petrol,UP-78,703600,UP,1009960.0,-0.303338746088954,1,underpriced,1,1.0,deep_under
2019 Maruti Baleno,ZETA PETROL 1.2,Manual,8924,1st Owner,Petrol,UP-14,671000,UP,715700.0,-0.06245633645382143,1,underpriced,0,0.0,under
2020 Maruti New Wagon-R,LXI CNG 1.0 L,Manual,23040,1st Owner,CNG,DL-11,568000,DL,569600.0,-0.0028089887640449437,1,underpriced,0,0.0,fair
2020 HYUNDAI AURA,S 1.2 CNG,Manual,41871,1st Owner,CNG,DL-12,741000,DL,574825.0,0.289087983299265,0,overpriced,0,0.0,deep_over
2021 Toyota YARIS,J CVT,Automatic,15778,1st Owner,Petrol,HR-98,1046000,HR,1151600.0,-0.0916985064258423,1,underpriced,0,0.0,under
2021 NISSAN MAGNITE,XL Turbo CVT,Automatic,21967,1st Owner,Petrol,DL-8C,886000,DL,1066500.0,-0.16924519456165027,1,underpriced,0,0.0,under
2018 Maruti Vitara Brezza,ZDI PLUS,Manual,7749,1st Owner,Diesel,DL-9C,893000,DL,949900.0,-0.059901042214969995,1,underpriced,0,0.0,under
2017 TOYOTA COROLLA ALTIS,GL,Manual,45060,2nd Owner,Petrol,DL-10,1153000,DL,577400.0,0.9968825770696225,0,overpriced,1,1.0,deep_over
2017 Hyundai Grand i10,SPORTZ (O) 1.2 KAPPA VTVT,Manual,37646,1st Owner,Petrol,DL-4C,510000,DL,502400.0,0.015127388535031847,1,underpriced,0,0.0,fair
2015 HONDA JAZZ,1.2L I-VTEC VX,Manual,80224,1st Owner,Petrol,DL-3C,470000,DL,569200.0,-0.17427969079409697,2,normal,0,0.0,under
2018 Hyundai Grand i10,SPORTZ (O) AT 1.2 KAPPA VTVT,Automatic,56054,1st Owner,Petrol,DL-10,579000,DL,666500.0,-0.1312828207051763,2,normal,0,0.0,under
2018 Maruti Swift,ZXI AMT,Automatic,37338,1st Owner,Petrol,DL-8C,671000,DL,654500.0,0.025210084033613446,1,underpriced,0,0.0,fair
2021 Tata NEXON,XZ+ 1.5,Manual,10422,1st Owner,Diesel,HR-26,1189000,HR,1230435.0,-0.03367508238956141,1,underpriced,0,0.0,fair
2021 Maruti New Wagon-R,LXI CNG 1.0 L,Manual,14396,1st Owner,CNG,DL-8C,589000,DL,591300.0,-0.003889734483341789,1,underpriced,0,0.0,fair
2018 Maruti Vitara Brezza,VDI,Manual,49317,1st Owner,Diesel,DL-6C,727000,DL,771600.0,-0.05780196993260757,2,normal,0,0.0,under
2016 Hyundai Grand i10,ASTA 1.2 (O) VTVT,Manual,25073,1st Owner,Petrol,DL-3C,468000,DL,544000.0,-0.13970588235294118,1,underpriced,0,0.0,under
2020 KIA SELTOS,GTX + AT PETROL,Automatic,18651,1st Owner,Petrol,DL-14,1646000,DL,1167800.0,0.40948792601472855,0,overpriced,1,1.0,deep_over
2018 HYUNDAI CRETA,1.6 SX (O) CRDI,Manual,60805,2nd Owner,Diesel,UP-16,928000,UP,864200.0,0.0738255033557047,2,normal,0,0.0,over
2018 Maruti Vitara Brezza,VDI OPT,Manual,34238,1st Owner,Diesel,DL-1C,750000,DL,860000.0,-0.12790697674418605,1,underpriced,0,0.0,under
2019 Maruti CIAZ,Alpha 1.5 Diesel,Manual,60812,2nd Owner,Diesel,DL-3C,985000,DL,831700.0,0.18432126968858964,2,normal,0,0.0,over
2019 Maruti Alto,LXI CNG,Manual,41807,1st Owner,CNG,DL-3C,383000,DL,521825.0,-0.2660374646672735,1,underpriced,0,0.0,deep_under
2021 Maruti Baleno,DELTA PETROL 1.2,Manual,19875,1st Owner,Petrol,DL-8C,716000,DL,648100.0,0.10476778274957568,1,underpriced,0,0.0,over
2018 Hyundai Creta,1.6 CRDI SX PLUS AUTO,Automatic,60316,1st Owner,Diesel,DL-8C,1192000,DL,1122100.0,0.06229391319846716,2,normal,0,0.0,over
2021 Mahindra Thar,LX PETROL HT 4WD AT,Automatic,12949,1st Owner,Petrol,UP-16,1503000,UP,1381100.0,0.08826297878502642,1,underpriced,0,0.0,over
2017 Maruti Baleno,DELTA PETROL 1.2,Manual,55725,1st Owner,Petrol,DL-9C,506000,DL,547400.0,-0.07563025210084033,2,normal,0,0.0,under
2017 Ford Ecosport,1.5TITANIUM TDCI,Manual,51665,1st Owner,Diesel,HR-34,658000,HR,1122475.0,-0.4137954074700996,2,normal,1,1.0,deep_under
2016 HONDA AMAZE,1.2 SX MT I VTEC,Manual,29081,1st Owner,Petrol,DL-2C,521000,DL,573125.0,-0.09094874591057797,1,underpriced,0,0.0,under
2016 Hyundai Creta,1.6 S,Manual,78700,1st Owner,Petrol,DL-8C,800000,DL,598100.0,0.3375689683999331,2,normal,1,1.0,deep_over
2016 Maruti Baleno,ZETA CVT PETROL 1.2,Automatic,32334,1st Owner,Petrol,UP-14,573000,UP,879460.0,-0.3484638300775476,1,underpriced,1,1.0,deep_under
2011 HYUNDAI I20,MAGNA (O) 1.2,Manual,72982,1st Owner,Petrol,HR-29,283000,HR,516100.0,-0.4516566556868824,2,normal,1,1.0,deep_under
2018 Tata Tiago,XZA 1.2 REVOTRON,Automatic,27451,2nd Owner,Petrol,HR-26,535000,HR,651400.0,-0.17869204789683757,1,underpriced,0,0.0,under
2018 Honda City,V MT PETROL,Manual,32812,1st Owner,Petrol,HR-26,832000,HR,784400.0,0.06068332483426823,1,underpriced,0,0.0,over
2019 Hyundai Creta,1.6 SX VTVT,Manual,21153,1st Owner,Petrol,UP-16,1149000,UP,833200.0,0.37902064330292845,0,overpriced,1,1.0,deep_over
2020 Maruti VITARA BREZZA,ZXI PLUS,Manual,10684,1st Owner,Petrol,HR-29,966000,HR,822965.0,0.17380447528145182,1,underpriced,0,0.0,over
2016 Honda Amaze,1.2 SX MT I VTEC,Manual,26535,1st Owner,Petrol,DL-8C,515000,DL,501600.0,0.02671451355661882,1,underpriced,0,0.0,fair
2021 Maruti S Cross,ZETA 1.5,Manual,16158,1st Owner,Petrol,UP-32,942000,UP,783100.0,0.20291150555484613,1,underpriced,0,0.0,deep_over
2020 Maruti Ciaz,ALPHA 1.5 MT VTVT SHVS,Manual,18699,1st Owner,Petrol,HR-23,956000,HR,615000.0,0.5544715447154471,0,overpriced,1,1.0,deep_over
2017 Maruti Baleno,DELTA PETROL 1.2,Manual,57559,1st Owner,Petrol,DL-8C,550000,DL,547400.0,0.0047497259773474606,2,normal,0,0.0,fair
2019 Maruti Baleno,DELTA PETROL 1.2,Manual,28991,1st Owner,Petrol,DL-2C,627000,DL,619100.0,0.01276045873041512,1,underpriced,0,0.0,fair
2021 Maruti Alto,LXI CNG,Manual,27451,1st Owner,CNG,DL-6C,456000,DL,493025.0,-0.07509761168297753,1,underpriced,0,0.0,under
2016 Maruti Baleno,DELTA PETROL 1.2,Manual,51415,1st Owner,Petrol,DL-8C,522000,DL,539900.0,-0.03315428783107983,2,normal,0,0.0,fair
2017 Hyundai Elite i20,MAGNA EXECUTIVE 1.2,Manual,62148,2nd Owner,Petrol,DL-4C,514000,DL,591600.0,-0.13116970926301555,2,normal,0,0.0,under
2021 HONDA WR-V,1.5L I-DTEC VX MT,Manual,8125,1st Owner,Diesel,HR-51,1022700,HR,1246870.0,-0.17978618460625406,1,underpriced,0,0.0,under
2016 Hyundai Elite i20,MAGNA 1.2,Manual,30873,1st Owner,Petrol,DL-9C,522000,DL,562100.0,-0.07133961928482477,1,underpriced,0,0.0,under
2019 Maruti IGNIS,DELTA 1.2,Manual,27641,1st Owner,Petrol,HR-26,505000,HR,592100.0,-0.14710352980915387,1,underpriced,0,0.0,under
2018 Maruti Dzire,VDI,Manual,68644,2nd Owner,Diesel,HR-26,602000,HR,797700.0,-0.24533032468346497,2,normal,0,0.0,deep_under
2016 HYUNDAI ELITE I20,ASTA 1.2 (O),Manual,84534,2nd Owner,Petrol,UP-14,587000,UP,643370.0,-0.08761676795623047,2,normal,0,0.0,under
2019 Toyota INNOVA CRYSTA,2.8 ZX AT 7 STR,Automatic,49585,1st Owner,Diesel,HR-29,2015000,HR,1293575.0,0.5576986259010881,0,overpriced,1,1.0,deep_over
2013 Honda Brio,1.2 EX MT I VTEC,Manual,65641,1st Owner,Petrol,HR-26,310000,HR,543800.0,-0.42993747701360796,2,normal,1,1.0,deep_under
2019 HONDA WR-V,1.2 i-VTEC VX MT,Manual,38273,2nd Owner,Petrol,UP-85,723000,UP,628900.0,0.14962633169025283,1,underpriced,0,0.0,over
2019 HYUNDAI VENUE,SX 1.0 TURBO,Manual,37597,2nd Owner,Petrol,DL-2C,892000,DL,566000.0,0.5759717314487632,0,overpriced,1,1.0,deep_over
2020 Toyota YARIS,G MT,Manual,72618,1st Owner,Petrol,HR-36,800000,HR,516100.0,0.5500871924045727,0,overpriced,1,1.0,deep_over
2017 Maruti Baleno,DELTA PETROL 1.2,Manual,39961,1st Owner,Petrol,HR-51,557000,HR,593500.0,-0.061499578770008424,1,underpriced,0,0.0,under
2019 Mahindra MARAZZO,M6 8 STR,Manual,35590,1st Owner,Diesel,HR-26,1065000,HR,1022425.0,0.041641196175758614,1,underpriced,0,0.0,fair
2019 Honda Amaze,1.2 SMT I VTEC,Manual,49648,1st Owner,Petrol,UP-14,597000,UP,598500.0,-0.002506265664160401,2,normal,0,0.0,fair
2020 Maruti Baleno,ALPHA PETROL 1.2,Manual,10869,1st Owner,Petrol,HR-26,772000,HR,733800.0,0.05205778141182884,1,underpriced,0,0.0,over
2019 Ford Ecosport,1.5 TITANIUM TI VCT,Manual,23356,2nd Owner,Petrol,HR-26,787000,HR,586800.0,0.34117246080436264,0,overpriced,1,1.0,deep_over
2019 Maruti Baleno,ZETA PETROL 1.2,Manual,24713,1st Owner,Petrol,DL-7C,739000,DL,666800.0,0.10827834433113377,1,underpriced,0,0.0,over
2013 Honda City,S MT PETROL,Manual,96271,1st Owner,Petrol,DL-3C,437000,DL,463100.0,-0.05635931764197798,2,normal,0,0.0,under
2020 Hyundai Creta,SX MT,Manual,55985,1st Owner,Diesel,HR-30,1502000,HR,1085375.0,0.3838535068524703,0,overpriced,1,1.0,deep_over
2015 HYUNDAI GRAND I10,ASTA 1.2 KAPPA VTVT,Manual,82117,2nd Owner,Petrol,DL-1C,428000,DL,419200.0,0.02099236641221374,2,normal,0,0.0,fair
2019 Maruti Vitara Brezza,ZDI AMT,Automatic,74766,1st Owner,Diesel,DL-3C,922000,DL,1051900.0,-0.1234908261241563,2,normal,0,0.0,under
2017 Maruti CIAZ,SHVS VDI,Manual,60895,1st Owner,Diesel,HR-51,594000,HR,898700.0,-0.3390452876376989,2,normal,1,1.0,deep_under
2016 Hyundai TUCSON NEW,GLS 2WD AT PETROL,Automatic,74977,2nd Owner,Petrol,DL-4C,1321000,DL,618700.0,1.1351220300630354,0,overpriced,1,1.0,deep_over
2015 HYUNDAI ELITE I20,SPORTZ 1.2,Manual,84176,1st Owner,Petrol,DL-3C,516000,DL,493800.0,0.04495747266099635,2,normal,0,0.0,fair
2018 Honda WR-V,1.2L I-VTEC VX MT,Manual,41825,1st Owner,Petrol,HR-26,804000,HR,776500.0,0.03541532517707663,1,underpriced,0,0.0,fair
2019 Maruti Baleno,ALPHA CVT PETROL 1.2,Automatic,66714,1st Owner,Petrol,HR-70,730000,HR,747900.0,-0.023933680973392164,2,normal,0,0.0,fair
2020 Maruti S PRESSO,VXI,Manual,1,1st Owner,Petrol,HR-26,404000,HR,579900.0,-0.30332816002759094,1,underpriced,1,1.0,deep_under
2021 Maruti CIAZ,ZETA 1.5 SHVS VVT MT,Manual,54326,1st Owner,Petrol,UP-16,892000,UP,611800.0,0.4579928081072246,0,overpriced,1,1.0,deep_over
2018 Maruti Vitara Brezza,ZDI PLUS,Manual,64938,1st Owner,Diesel,DL-9C,814000,DL,768300.0,0.05948197318755694,2,normal,0,0.0,over
2022 Renault TRIBER,1.0 RXZ,Manual,11325,1st Owner,Petrol,DL-12,800000,DL,733200.0,0.09110747408619749,1,underpriced,0,0.0,over
2018 Hyundai Creta,SX AT 1.6 DIESEL,Automatic,57263,1st Owner,Diesel,UP-16,1130000,UP,1120900.0,0.008118476224462486,2,normal,0,0.0,fair
2015 Maruti Swift,VXI,Manual,12255,1st Owner,Petrol,DL-3C,482000,DL,535900.0,-0.100578466131741,1,underpriced,0,0.0,under
2017 Maruti Baleno,DELTA PETROL 1.2,Manual,43381,1st Owner,Petrol,DL-8C,566000,DL,562100.0,0.006938267212239815,1,underpriced,0,0.0,fair
2021 Mahindra Thar,LX HT PETROL 4WD MT,Manual,8170,1st Owner,Petrol,HR-51,1494000,HR,1128800.0,0.3235294117647059,0,overpriced,1,1.0,deep_over
2010 Maruti ALTO,LXI,Manual,48622,2nd Owner,Petrol,HR-26,153000,HR,458500.0,-0.6663031624863686,2,normal,1,1.0,deep_under
2015 Maruti SWIFT,VXI,Manual,79356,1st Owner,Petrol,UP-85,461000,UP,504170.0,-0.08562588015947002,2,normal,0,0.0,under
2019 Maruti VITARA BREZZA,ZDI PLUS,Manual,41612,1st Owner,Diesel,DL-12,815000,DL,892200.0,-0.08652768437570052,1,underpriced,0,0.0,under
2017 Hyundai Grand i10,MAGNA 1.2 KAPPA VTVT,Manual,42956,2nd Owner,Petrol,DL-9C,425000,DL,527000.0,-0.1935483870967742,1,underpriced,0,0.0,under
2019 Maruti Swift,LXI,Manual,49661,1st Owner,Petrol,DL-5C,553000,DL,495700.0,0.11559410934032681,2,normal,0,0.0,over
2018 Maruti Vitara Brezza,ZDI PLUS,Manual,91454,1st Owner,Diesel,DL-1C,783000,DL,781200.0,0.002304147465437788,2,normal,0,0.0,fair
2019 Maruti Swift,LXI,Manual,1994,2nd Owner,Petrol,HR-51,559000,HR,534000.0,0.04681647940074907,1,underpriced,0,0.0,fair
2018 HYUNDAI CRETA,1.6 CRDI SX PLUS AUTO,Automatic,80448,1st Owner,Diesel,HR-26,1238000,HR,1141000.0,0.08501314636283962,2,normal,0,0.0,over
2020 Maruti Celerio,VXI CNG,Manual,84583,1st Owner,CNG,DL-9C,519000,DL,500500.0,0.03696303696303696,2,normal,0,0.0,fair
2019 Maruti Vitara Brezza,ZDI AMT,Automatic,40155,1st Owner,Diesel,DL-9C,927000,DL,861200.0,0.07640501625638643,1,underpriced,0,0.0,over
2021 Honda Amaze,1.2L I-VTEC S,Manual,8183,1st Owner,Petrol,UP-16,737000,UP,824600.0,-0.10623332524860539,1,underpriced,0,0.0,under
2018 Maruti Dzire,ZDI PLUS AMT,Automatic,78332,1st Owner,Diesel,DL-1C,658000,DL,1141900.0,-0.4237674052018566,2,normal,1,1.0,deep_under
2014 Maruti Swift,VXI,Manual,11716,1st Owner,Petrol,UP-14,411000,UP,710100.0,-0.4212082805238699,1,underpriced,1,1.0,deep_under
2020 TATA ALTROZ,XZ PETROL,Manual,17780,1st Owner,Petrol,DL-9C,731000,DL,712600.0,0.02582093741229301,1,underpriced,0,0.0,fair
2022 Maruti New Wagon-R,LXI CNG (O) 1.0,Manual,36429,1st Owner,CNG,HR-76,601000,HR,592400.0,0.01451721809588116,1,underpriced,0,0.0,fair
2017 HONDA JAZZ,1.2L I-VTEC V AT,Automatic,25163,1st Owner,Petrol,HR-26,654000,HR,1004800.0,-0.34912420382165604,1,underpriced,1,1.0,deep_under
2019 Honda Amaze,1.2 V CVT I VTEC,Automatic,40271,1st Owner,Petrol,HR-26,719000,HR,770600.0,-0.06696080975862964,1,underpriced,0,0.0,under
2019 Maruti Vitara Brezza,VDI,Manual,28244,1st Owner,Diesel,DL-3C,810000,DL,828300.0,-0.022093444404201378,1,underpriced,0,0.0,fair
2019 TATA NEXON,XMA PETROL,Automatic,21958,1st Owner,Petrol,DL-2C,840000,DL,940100.0,-0.10647803425167536,1,underpriced,0,0.0,under
2017 Maruti Wagon R 1.0,VXI+ AMT,Automatic,37432,2nd Owner,Petrol,DL-9C,438000,DL,581500.0,-0.2467755803955288,1,underpriced,0,0.0,deep_under
2018 Maruti VITARA BREZZA,ZDI PLUS AMT,Automatic,48600,1st Owner,Diesel,DL-6C,862000,DL,860400.0,0.0018596001859600185,2,normal,0,0.0,fair
2021 Honda WR-V,1.2 i-VTEC VX MT,Manual,15224,1st Owner,Petrol,UP-85,908000,UP,882300.0,0.02912841437152896,1,underpriced,0,0.0,fair
2021 Maruti Swift,ZXI PLUS AMT DUAL TONE,Automatic,11545,2nd Owner,Petrol,DL-12,858000,DL,613400.0,0.3987610042386697,0,overpriced,1,1.0,deep_over
2015 Maruti Alto K10,VXI OPT,,45540,1st Owner,Petrol,DL-2C,307000,DL,564700.0,-0.45634850363024615,1,underpriced,1,1.0,deep_under
2018 Maruti CIAZ,ALPHA 1.5 SHVS PETROL,Manual,15387,1st Owner,Petrol,DL-6C,915000,DL,639500.0,0.43080531665363564,0,overpriced,1,1.0,deep_over
2018 Maruti Vitara Brezza,ZDI,Manual,45655,1st Owner,Diesel,DL-8C,801000,DL,776500.0,0.031551835157759174,2,normal,0,0.0,fair
2018 Hyundai Eon,MAGNA PLUS OPTIONAL,,33233,1st Owner,Petrol,UP-21,365000,UP,741460.0,-0.5077279961157716,1,underpriced,1,1.0,deep_under
2016 Maruti Baleno,DELTA CVT PETROL 1.2,Automatic,55821,1st Owner,Petrol,UP-14,539000,UP,889660.0,-0.3941505743767282,2,normal,1,1.0,deep_under
2021 TATA TIAGO,XE 1.2 REVOTRON,Manual,19811,1st Owner,Petrol,HR-51,579000,HR,579800.0,-0.0013797861331493618,1,underpriced,0,0.0,fair
2015 Hyundai Grand i10,MAGNA 1.2 KAPPA VTVT,Manual,63706,1st Owner,Petrol,DL-8C,382000,DL,453700.0,-0.15803394313422967,2,normal,0,0.0,under
2019 MAHINDRA XUV 3OO,W6 1.5 DIESEL,Manual,31287,1st Owner,Diesel,HR-51,874000,HR,1022425.0,-0.14516957234026945,1,underpriced,0,0.0,under
2016 Maruti Swift,LXI (O),Manual,49414,2nd Owner,Petrol,DL-1C,430000,DL,562500.0,-0.23555555555555555,2,normal,0,0.0,deep_under
2021 Tata NEXON,XZ+ OPT PETROL,Manual,12392,1st Owner,Petrol,HR-98,1046650,HR,808065.0,0.29525471342033127,0,overpriced,0,0.0,deep_over
2021 Mahindra Thar,LX D 4*4 MT HT,Manual,11271,1st Owner,Diesel,HR-26,1623000,HR,1395395.0,0.16311152039386698,1,underpriced,0,0.0,over
2021 Maruti Celerio,ZXI PLUS AGS,Automatic,1473,1st Owner,Petrol,DL-12,669000,DL,1061800.0,-0.36993784140139385,1,underpriced,1,1.0,deep_under
2020 Maruti BALENO,ALPHA PETROL 1.2,Manual,10393,1st Owner,Petrol,DL-9C,777000,DL,730200.0,0.06409202958093672,1,underpriced,0,0.0,over
2014 Maruti SWIFT,VXI,Manual,84447,1st Owner,Petrol,DL-8C,412000,DL,417400.0,-0.012937230474365118,2,normal,0,0.0,fair
2019 Maruti Dzire,VXI,Manual,44546,1st Owner,Petrol,DL-5C,683000,DL,462900.0,0.4754806653704904,0,overpriced,1,1.0,deep_over
2017 Honda City,V MT PETROL,Manual,39749,1st Owner,Petrol,HR-26,753000,HR,761000.0,-0.010512483574244415,1,underpriced,0,0.0,fair
2019 Maruti Vitara Brezza,VDI,Manual,58894,1st Owner,Diesel,DL-3C,777000,DL,821800.0,-0.054514480408858604,2,normal,0,0.0,under
2022 HYUNDAI XCENT PRIME,	T+ CNG,Manual,13444,1st Owner,CNG,DL-11,704000,DL,681100.0,0.0336220819262957,1,underpriced,0,0.0,fair
2020 HONDA CITY,VX MT PETROL,Manual,7802,1st Owner,Petrol,HR-26,1152000,HR,1076800.0,0.06983655274888559,1,underpriced,0,0.0,over
2020 Maruti Baleno,ZETA PETROL 1.2,Manual,22982,2nd Owner,Petrol,DL-5C,686000,DL,668000.0,0.02694610778443114,1,underpriced,0,0.0,fair
2011 Maruti WAGON R 1.0,VXI,Manual,78930,1st Owner,Petrol,DL-8C,223000,DL,398100.0,-0.43983923637277067,2,normal,1,1.0,deep_under
2012 HONDA CITY,S MT PETROL,Manual,45073,1st Owner,Petrol,HR-26,427000,HR,782100.0,-0.4540340109960363,1,underpriced,1,1.0,deep_under
2018 Maruti Vitara Brezza,ZDI PLUS AMT,Automatic,57643,1st Owner,Diesel,DL-12,857000,DL,865700.0,-0.010049670786646644,2,normal,0,0.0,fair
2019 Maruti Swift,LXI,Manual,21693,1st Owner,Petrol,DL-2C,560000,DL,464500.0,0.20559741657696448,1,underpriced,0,0.0,deep_over
2018 Maruti IGNIS,ALPHA 1.2 AMT,Automatic,52777,1st Owner,Petrol,UP-16,603000,UP,889660.0,-0.3222129802396421,2,normal,1,1.0,deep_under
2012 Maruti Swift,VXI,Manual,8658,1st Owner,Petrol,DL-6C,345000,DL,535900.0,-0.3562231759656652,1,underpriced,1,1.0,deep_under
2022 Maruti Dzire,ZXI CNG,Manual,6505,1st Owner,CNG,HR-29,946000,HR,651800.0,0.451365449524394,0,overpriced,1,1.0,deep_over
2020 Maruti Baleno,DELTA PETROL 1.2,Manual,23735,1st Owner,Petrol,HR-35,626000,HR,683100.0,-0.08358951837212707,1,underpriced,0,0.0,under
2019 Hyundai Elite i20,1.2 SPORTS PLUS VTVT,Manual,28450,1st Owner,Petrol,UP-70,724000,UP,565700.0,0.2798302987449178,0,overpriced,0,0.0,deep_over
2015 Maruti Celerio,ZXI,Manual,49939,2nd Owner,Petrol,HR-26,379000,HR,466000.0,-0.18669527896995708,2,normal,0,0.0,under
2020 Maruti Baleno,DELTA PETROL 1.2,Manual,31853,1st Owner,Petrol,HR-12,669000,HR,663900.0,0.0076818798011748755,1,underpriced,0,0.0,fair
2020 Maruti New Wagon-R,LXI CNG,Manual,23705,1st Owner,CNG,DL-2C,592000,DL,546800.0,0.08266276517922458,1,underpriced,0,0.0,over
2019 Maruti Vitara Brezza,ZDI,Manual,48230,1st Owner,Diesel,DL-9C,797000,DL,805900.0,-0.011043553790792903,2,normal,0,0.0,fair
2019 Maruti Swift,LXI,Manual,25394,1st Owner,Petrol,DL-2C,570000,DL,515500.0,0.10572259941804074,1,underpriced,0,0.0,over
2018 RENAULT DUSTER,RXZ DIESEL 110,Manual,83253,1st Owner,Diesel,UP-14,740000,UP,743270.0,-0.004399477982428996,2,normal,0,0.0,fair
2021 Maruti Vitara Brezza,ZXI,Manual,27073,1st Owner,Petrol,UP-78,938000,UP,664400.0,0.41180012040939196,0,overpriced,1,1.0,deep_over
2022 Renault TRIBER,RXZ MT DUAL TONE,Manual,6844,1st Owner,Petrol,HR-13,841000,HR,1076800.0,-0.21898216939078752,1,underpriced,0,0.0,deep_under
2019 Maruti VITARA BREZZA,ZDI AMT,Automatic,26727,1st Owner,Diesel,UP-32,927000,UP,1156400.0,-0.19837426496022137,1,underpriced,0,0.0,under
2021 Maruti Baleno,ZETA PETROL 1.2,Manual,3723,1st Owner,Petrol,HR-26,756000,HR,708900.0,0.0664409648751587,1,underpriced,0,0.0,over
2019 Maruti Vitara Brezza,ZDI AMT,Automatic,56107,1st Owner,Diesel,HR-26,806000,HR,1028500.0,-0.21633446767136608,2,normal,0,0.0,deep_under
2021 Renault Kiger,RXZ 1.0 Easy R Petrol,Automatic,8383,1st Owner,Petrol,DL-3C,850000,DL,1034100.0,-0.17802920413886472,1,underpriced,0,0.0,under
2019 Maruti Vitara Brezza,ZDI,Manual,23595,2nd Owner,Diesel,UP-15,862000,UP,802000.0,0.07481296758104738,1,underpriced,0,0.0,over
2014 Hyundai i20,SPORTZ 1.2 VTVT,Manual,65518,1st Owner,Petrol,UP-14,442000,UP,570200.0,-0.22483339179235357,2,normal,0,0.0,deep_under
2011 Maruti Alto K10,VXI,Manual,39093,1st Owner,Petrol,DL-12,186000,DL,432400.0,-0.5698427382053654,1,underpriced,1,1.0,deep_under
2021 Maruti New Wagon-R,1.0 Lxi (o) cng,Manual,11646,1st Owner,CNG,DL-14,608000,DL,644500.0,-0.05663304887509697,1,underpriced,0,0.0,under
2015 Maruti Swift,VXI,Manual,55674,1st Owner,Petrol,DL-9C,438000,DL,454400.0,-0.03609154929577465,2,normal,0,0.0,fair
2021 Renault Duster,RXZ CVT 1.3 TURBO,Automatic,10831,1st Owner,Petrol,DL-7C,1370000,DL,1022100.0,0.34037765384991686,0,overpriced,1,1.0,deep_over
2020 Maruti Vitara Brezza,VXI,Manual,53238,1st Owner,Petrol,UP-16,818000,UP,550700.0,0.48538224078445613,0,overpriced,1,1.0,deep_over
2022 Honda Amaze,1.2L I-VTEC VX CVT,Automatic,12379,1st Owner,Petrol,UP-14,1011000,UP,1052100.0,-0.039064727687482176,1,underpriced,0,0.0,fair
2019 Maruti Swift,LXI,Manual,16820,1st Owner,Petrol,DL-5C,566000,DL,524500.0,0.07912297426120114,1,underpriced,0,0.0,over
2018 DATSUN REDI GO,1.0 S AT,Automatic,72230,2nd Owner,Petrol,HR-06,330000,HR,702500.0,-0.5302491103202847,2,normal,1,1.0,deep_under
2018 Maruti Ciaz,ALPHA 1.4 VVT AMT,Automatic,60653,1st Owner,Petrol,DL-8C,878000,DL,634000.0,0.38485804416403785,0,overpriced,1,1.0,deep_over
2019 Maruti Baleno,DELTA PETROL 1.2,Manual,48397,2nd Owner,Petrol,DL-8C,607000,DL,583100.0,0.040987823700908935,2,normal,0,0.0,fair
2020 HONDA CITY,1.5L I-VTEC VX CVT,Automatic,32005,1st Owner,Petrol,DL-7C,1173000,DL,804260.0,0.4584835749633203,0,overpriced,1,1.0,deep_over
2021 TATA TIGOR,XZ PLUS 1.2 REVOTRON,Manual,7268,1st Owner,Petrol,UP-14,770000,UP,824600.0,-0.06621392190152801,1,underpriced,0,0.0,under
2017 Maruti BALENO,DELTA PETROL 1.2,Manual,32550,2nd Owner,Petrol,DL-10,552000,DL,541300.0,0.01976722704600037,1,underpriced,0,0.0,fair
2020 Honda City,VX MT PETROL,Manual,16320,1st Owner,Petrol,DL-9C,1092000,DL,662100.0,0.6492976891708201,0,overpriced,1,1.0,deep_over
2021 KIA SONET,GTX PLUS 1.5D  AT,Automatic,39565,1st Owner,Diesel,UP-16,1329000,UP,1218000.0,0.09113300492610837,1,underpriced,0,0.0,over
2019 HONDA CITY,1.5L I-VTEC ZX CVT,Automatic,36609,1st Owner,Petrol,HR-26,1125000,HR,958200.0,0.17407639323731997,0,overpriced,0,0.0,over
2022 Tata Harrier,XZA PLUS,Automatic,7788,1st Owner,Diesel,HR-51,2096000,HR,1436470.0,0.45913245664719765,0,overpriced,1,1.0,deep_over
2021 Maruti Baleno,ZETA PETROL 1.2,Manual,10401,1st Owner,Petrol,HR-29,764000,HR,715300.0,0.06808332168320984,1,underpriced,0,0.0,over
2020 Maruti IGNIS,ALPHA 1.2 AMT,Automatic,10723,2nd Owner,Petrol,DL-8C,689000,DL,613400.0,0.12324747310074992,1,underpriced,0,0.0,over
2021 Maruti BALENO,DELTA PETROL 1.2,Manual,16017,1st Owner,Petrol,UP-14,687000,UP,699900.0,-0.018431204457779682,1,underpriced,0,0.0,fair
2017 Ford Ecosport,TREND 1.5L PETROL,Manual,58538,1st Owner,Petrol,UP-32,604000,UP,606400.0,-0.00395778364116095,2,normal,0,0.0,fair
2018 Honda WR-V,1.2 i-VTEC VX MT,Manual,12724,2nd Owner,Petrol,HR-26,803000,HR,578400.0,0.38831258644536654,0,overpriced,1,1.0,deep_over
2019 HYUNDAI VENUE,SX 1.0 TURBO,Manual,40530,1st Owner,Petrol,DL-10,980000,DL,588220.0,0.6660433171262453,0,overpriced,1,1.0,deep_over
2020 Maruti ALTO,VXI,Manual,18344,1st Owner,Petrol,HR-49,347000,HR,562000.0,-0.38256227758007116,1,underpriced,1,1.0,deep_under
2019 Honda Jazz,1.2 VX AT,Automatic,8652,2nd Owner,Petrol,HR-26,769000,HR,755800.0,0.01746493781423657,1,underpriced,0,0.0,fair
2017 Hyundai Grand i10,Magna 1.2 AT  VTVT,Automatic,42133,1st Owner,Petrol,DL-4C,527000,DL,672300.0,-0.2161237542763647,1,underpriced,0,0.0,deep_under
2021 Honda City,1.5L I-VTEC ZX CVT,Automatic,9438,1st Owner,Petrol,HR-51,1531000,HR,1164320.0,0.31493060327057854,0,overpriced,1,1.0,deep_over
2018 Maruti Vitara Brezza,VDI,Manual,28565,1st Owner,Diesel,HR-51,747000,HR,945700.0,-0.21010891403193402,1,underpriced,0,0.0,deep_under
2019 Maruti Vitara Brezza,ZDI,Manual,48414,1st Owner,Diesel,UP-14,843000,UP,811300.0,0.039073092567484285,2,normal,0,0.0,fair
2018 Maruti Vitara Brezza,ZDI,Manual,91240,1st Owner,Diesel,UP-16,746000,UP,745000.0,0.0013422818791946308,2,normal,0,0.0,fair
2019 Renault Kwid,RXL,Manual,9258,2nd Owner,Petrol,DL-3C,351000,DL,490300.0,-0.2841117683051193,1,underpriced,0,0.0,deep_under
2018 Maruti Swift,VXI AMT,Automatic,29043,2nd Owner,Petrol,HR-26,581000,HR,619400.0,-0.061995479496286726,1,underpriced,0,0.0,under
2018 FORD ECOSPORT,AMBIENTE 1.5L DIESEL,Manual,24931,1st Owner,Diesel,DL-7C,708000,DL,967000.0,-0.2678386763185109,1,underpriced,0,0.0,deep_under
2019 Hyundai NEW SANTRO,SPORTZ MT,Manual,60207,1st Owner,Petrol,UP-14,451000,UP,585500.0,-0.22971818958155424,2,normal,0,0.0,deep_under
2020 HYUNDAI AURA,S 1.2 CNG,Manual,28942,2nd Owner,CNG,UP-14,748000,UP,733000.0,0.020463847203274217,1,underpriced,0,0.0,fair
2019 Maruti Vitara Brezza,VDI,Manual,29480,1st Owner,Diesel,DL-1C,809000,DL,895000.0,-0.09608938547486033,1,underpriced,0,0.0,under
2019 Renault Kwid,1.0 RXT Opt,Manual,25977,1st Owner,Petrol,HR-26,387000,HR,413500.0,-0.06408706166868199,1,underpriced,0,0.0,under
2022 Renault Kwid,CLIMBER 1.0 AT,Automatic,8786,1st Owner,Petrol,DL-12,601000,DL,930000.0,-0.35376344086021505,1,underpriced,1,1.0,deep_under
2021 Maruti Dzire,ZXI Plus AMT,Automatic,20250,2nd Owner,Petrol,HR-26,796000,HR,665000.0,0.19699248120300752,1,underpriced,0,0.0,over
2019 Renault Duster,RXS 106 PS MT,Manual,47944,1st Owner,Petrol,DL-7C,855000,DL,516800.0,0.6544117647058824,0,overpriced,1,1.0,deep_over
2019 Tata NEXON,XZA PLUS PETROL,Automatic,28345,1st Owner,CNG,UP-14,1005000,UP,938200.0,0.07120017053933063,1,underpriced,0,0.0,over
2021 Mahindra Thar,LX  4WD AT CONVERTIBLE,Automatic,17524,1st Owner,Petrol,UP-11,1467000,UP,1288600.0,0.13844482383982618,1,underpriced,0,0.0,over
2016 Maruti Baleno,DELTA PETROL 1.2,Manual,57155,2nd Owner,Petrol,DL-1C,511000,DL,539900.0,-0.05352843119096129,2,normal,0,0.0,under
2016 Maruti Celerio,ZXI AMT,Automatic,45936,1st Owner,Petrol,DL-14,429000,DL,584900.0,-0.26654128910924946,1,underpriced,0,0.0,deep_under
2021 TATA TIGOR,XMA PETROL,Automatic,9759,1st Owner,Petrol,DL-11,709000,DL,950800.0,-0.25431215818258307,1,underpriced,0,0.0,deep_under
2018 Maruti Vitara Brezza,ZDI + AMT,Automatic,98394,1st Owner,Diesel,HR-26,816000,HR,875500.0,-0.06796116504854369,2,normal,0,0.0,under
2019 Maruti VITARA BREZZA,VDI,Manual,68282,2nd Owner,Diesel,HR-26,679000,HR,813100.0,-0.1649243635469192,2,normal,0,0.0,under
2021 HYUNDAI AURA,S 1.2 CNG,Manual,38891,1st Owner,CNG,DL-9C,777000,DL,587100.0,0.32345426673479816,0,overpriced,1,1.0,deep_over
2021 RENAULT KWID,RXT 1.0 AMT (O),Automatic,28118,1st Owner,Petrol,UP-14,493000,UP,1019760.0,-0.516552914411234,1,underpriced,1,1.0,deep_under
2019 Maruti Vitara Brezza,VDI,Manual,71386,1st Owner,Diesel,HR-26,758000,HR,772600.0,-0.018897230132021745,2,normal,0,0.0,fair
2020 Maruti S PRESSO,VXI,Manual,7570,2nd Owner,Petrol,DL-8C,410000,DL,484300.0,-0.15341730332438572,1,underpriced,0,0.0,under
2016 HYUNDAI ELITE I20,ASTA 1.2,Manual,47284,1st Owner,Petrol,UP-14,585000,UP,568200.0,0.029567053854276663,2,normal,0,0.0,fair
2017 Maruti IGNIS,ZETA 1.2 AMT DUAL TONE,Automatic,29406,2nd Owner,Petrol,HR-10,537000,HR,651400.0,-0.17562173779551735,1,underpriced,0,0.0,under
2013 Honda Brio,1.2 S MT I VTEC,Manual,97470,1st Owner,Petrol,DL-3C,298000,DL,451400.0,-0.33983163491360213,2,normal,1,1.0,deep_under
2015 Hyundai Creta,1.6 S,Manual,62690,2nd Owner,Petrol,DL-1C,778000,DL,572000.0,0.36013986013986016,0,overpriced,1,1.0,deep_over
2021 Tata Harrier,XZ PLUS 2.0L DARK EDITION,Manual,45425,1st Owner,Diesel,DL-11,1816000,DL,893300.0,1.0329116758087988,0,overpriced,1,1.0,deep_over
2015 Hyundai Grand i10,ASTA AT 1.2 KAPPA VTVT,Automatic,69180,1st Owner,Petrol,DL-3C,476000,DL,546500.0,-0.12900274473924978,2,normal,0,0.0,under
2018 Maruti Vitara Brezza,ZDI,Manual,40605,1st Owner,Diesel,DL-3C,779000,DL,776500.0,0.003219575016097875,1,underpriced,0,0.0,fair
2022 Renault Kwid,CLIMBER 1.0 AT,Automatic,15801,1st Owner,Petrol,DL-12,617000,DL,878300.0,-0.29750654673801663,1,underpriced,0,0.0,deep_under
2021 Maruti SWIFT,LXI,Manual,14803,1st Owner,Petrol,DL-8C,589000,DL,527000.0,0.11764705882352941,1,underpriced,0,0.0,over
2020 Maruti BALENO,ZETA CVT PETROL 1.2,Automatic,39076,1st Owner,Petrol,HR-26,786000,HR,716000.0,0.09776536312849161,1,underpriced,0,0.0,over
2019 Renault Kwid,RXT 1.0 EASY-R AT OPTION,Automatic,18781,2nd Owner,Petrol,DL-3C,418000,DL,601800.0,-0.30541708208707213,1,underpriced,1,1.0,deep_under
2020 KIA SELTOS,GTX+ 1.4 MT,Manual,6003,1st Owner,Petrol,HR-26,1620000,HR,1024200.0,0.5817223198594025,0,overpriced,1,1.0,deep_over
2017 HONDA WR-V,1.2L I-VTEC S MT,Manual,64889,1st Owner,Petrol,UP-32,642000,UP,570200.0,0.12592072956857242,2,normal,0,0.0,over
2016 HYUNDAI I20 ACTIVE,1.2 S,Manual,72488,1st Owner,Petrol,UP-80,563000,UP,554000.0,0.016245487364620937,2,normal,0,0.0,fair
2019 Maruti Baleno,DELTA PETROL 1.2,Manual,29414,2nd Owner,Petrol,HR-87,584000,HR,596300.0,-0.020627201073285258,1,underpriced,0,0.0,fair
2019 Maruti SWIFT,VXI AMT,Automatic,36682,1st Owner,CNG,UP-32,721000,UP,886460.0,-0.18665252803284976,1,underpriced,0,0.0,under
2018 Maruti Vitara Brezza,ZDI PLUS AMT,Automatic,50481,1st Owner,Diesel,HR-26,861000,HR,1027200.0,-0.16179906542056074,2,normal,0,0.0,under
2018 Maruti Vitara Brezza,VDI OPT,Manual,43109,1st Owner,Diesel,DL-3C,749000,DL,894200.0,-0.16237978080966226,1,underpriced,0,0.0,under
2019 Maruti DZIRE,VXI,Manual,26925,1st Owner,Petrol,DL-3C,654000,DL,466700.0,0.4013284765373902,0,overpriced,1,1.0,deep_over
2018 Maruti ALTO 800,LXI,Manual,20754,1st Owner,Petrol,DL-1C,309000,DL,397400.0,-0.22244589833920483,1,underpriced,0,0.0,deep_under
2020 Maruti New Wagon-R,LXI CNG 1.0 L,Manual,63997,1st Owner,CNG,DL-2C,558000,DL,546600.0,0.020856201975850714,2,normal,0,0.0,fair
2018 Maruti Vitara Brezza,ZDI + AMT,Automatic,34843,1st Owner,Diesel,DL-2C,949000,DL,841900.0,0.12721225798788455,1,underpriced,0,0.0,over
2022 TOYOTA URBAN CRUISER,HIGH GRADE MT,Manual,8216,1st Owner,Petrol,HR-98,1019000,HR,991200.0,0.02804681194511703,1,underpriced,0,0.0,fair
2022 Tata TIAGO NRG,XZ MT,Manual,18867,1st Owner,Petrol,DL-9C,694000,DL,639300.0,0.08556233380259659,1,underpriced,0,0.0,over
2018 Honda Amaze,1.2 V MT I-VTEC,Manual,43985,1st Owner,Petrol,DL-1C,616000,DL,588200.0,0.04726283577014621,1,underpriced,0,0.0,fair
2018 Maruti Wagon R 1.0,VXI AMT,Automatic,28076,2nd Owner,Petrol,HR-51,463000,HR,619400.0,-0.2525024216984178,1,underpriced,0,0.0,deep_under
2018 Maruti ALTO 800,LXI,Manual,25872,1st Owner,Petrol,UP-16,330000,UP,338700.0,-0.025686448184233834,1,underpriced,0,0.0,fair
2017 Honda City,1.5L I-VTEC V MT,Manual,83926,1st Owner,Petrol,UP-14,716700,UP,599870.0,0.19475886442062446,2,normal,0,0.0,over
2012 Maruti SWIFT DZIRE,VXI,Manual,83261,1st Owner,Petrol,DL-12,337000,DL,398100.0,-0.15347902537050992,2,normal,0,0.0,under
2020 HYUNDAI AURA,SX PLUS 1.2 AMT,Automatic,41027,1st Owner,Petrol,HR-36,816000,HR,770600.0,0.05891513106670127,1,underpriced,0,0.0,over
2019 Maruti Vitara Brezza,ZDI AMT,Automatic,31785,1st Owner,Diesel,DL-8C,886000,DL,869000.0,0.019562715765247412,1,underpriced,0,0.0,fair
2021 Renault Kiger,RXZ 1.0 TURBO MT,Manual,17632,1st Owner,Petrol,UP-62,906000,UP,781700.0,0.15901240885250095,1,underpriced,0,0.0,over
2019 Maruti Baleno,ZETA PETROL 1.2,Manual,19124,1st Owner,Petrol,HR-26,721000,HR,707800.0,0.01864933597061317,1,underpriced,0,0.0,fair
2016 Maruti Baleno,DELTA PETROL 1.2,Manual,67985,1st Owner,Petrol,HR-29,520000,HR,549600.0,-0.053857350800582245,2,normal,0,0.0,under
2021 Hyundai NEW I20,ASTA (O) 1.2 MT,Manual,13811,1st Owner,Petrol,HR-26,918000,HR,798765.0,0.14927419203395242,1,underpriced,0,0.0,over
2017 Hyundai Grand i10,MAGNA AT 1.2 KAPPA VTVT,Automatic,40993,1st Owner,Petrol,DL-8C,522000,DL,628000.0,-0.16878980891719744,1,underpriced,0,0.0,under
2016 Maruti Alto 800,LXI,Manual,31810,1st Owner,Petrol,UP-14,269000,UP,340500.0,-0.20998531571218795,1,underpriced,0,0.0,deep_under
2018 Datsun Redi Go,T (O),Manual,33936,1st Owner,Petrol,HR-30,293000,HR,565900.0,-0.4822406785651175,1,underpriced,1,1.0,deep_under
2018 Hyundai NEW SANTRO,MAGNA AMT,Automatic,7595,1st Owner,Petrol,DL-12,541000,DL,1096000.0,-0.5063868613138686,1,underpriced,1,1.0,deep_under
2018 Maruti Wagon R 1.0,VXI AMT,Automatic,32330,1st Owner,Petrol,HR-52,488000,HR,869420.0,-0.438706263946079,1,underpriced,1,1.0,deep_under
2019 HONDA AMAZE,1.2L I-VTEC V CVT,Automatic,17143,1st Owner,Petrol,DL-1C,832000,DL,974500.0,-0.14622883530015393,1,underpriced,0,0.0,under
2020 Maruti New Wagon-R,LXI CNG 1.0 L,Manual,34090,1st Owner,CNG,HR-76,552000,HR,562600.0,-0.018841094916459297,1,underpriced,0,0.0,fair
2019 Datsun Redi Go,A,Manual,37928,2nd Owner,Petrol,UP-14,298000,UP,664000.0,-0.5512048192771084,1,underpriced,1,1.0,deep_under
2017 Hyundai Grand i10,SPORTZ AT 1.2 KAPPA VTVT,Manual,35366,1st Owner,Petrol,UP-16,577000,UP,620000.0,-0.06935483870967742,1,underpriced,0,0.0,under
2019 Maruti SWIFT,LXI,Manual,12582,1st Owner,Petrol,DL-4C,566000,DL,525600.0,0.07686453576864535,1,underpriced,0,0.0,over
2017 Maruti ALTO K10,VXI,Manual,28254,1st Owner,Petrol,DL-9C,334000,DL,466700.0,-0.28433683308335117,1,underpriced,0,0.0,deep_under
2019 Hyundai ELITE I20,1.2 SPORTS PLUS VTVT,Manual,78183,1st Owner,Petrol,DL-1C,719000,DL,585900.0,0.22717187233316266,2,normal,0,0.0,deep_over
2020 Maruti Baleno,ZETA PETROL 1.2,Manual,23849,1st Owner,Petrol,HR-26,777000,HR,719000.0,0.08066759388038942,1,underpriced,0,0.0,over
2020 Honda WR-V,1.5 i-DTEC VX MT,Manual,59946,1st Owner,Diesel,HR-10,928000,HR,1021375.0,-0.09142087871741525,2,normal,0,0.0,under
2016 Honda Jazz,1.2 SV MT,Manual,71967,1st Owner,Petrol,DL-3C,461000,DL,501800.0,-0.0813072937425269,2,normal,0,0.0,under
2021 Renault Kiger,RXZ CVT 1.0 TURBO DUAL TONE,Automatic,9980,1st Owner,Petrol,HR-51,986000,HR,1115600.0,-0.11617067049121549,1,underpriced,0,0.0,under
2020 Maruti New Wagon-R,LXI CNG 1.0,Manual,75415,1st Owner,CNG,DL-8C,522000,DL,520600.0,0.002689204763734153,2,normal,0,0.0,fair
2018 Maruti Baleno,DELTA PETROL 1.2,Manual,94624,1st Owner,Petrol,HR-26,550000,HR,465700.0,0.18101782263259608,2,normal,0,0.0,over
2020 Maruti BALENO,DELTA 1.2 K12,Manual,12662,1st Owner,Petrol,HR-36,683000,HR,765965.0,-0.10831434856684052,1,underpriced,0,0.0,under
2021 Maruti New Wagon-R,1.0 Lxi (o) cng,Manual,33883,1st Owner,CNG,DL-11,594000,DL,600600.0,-0.01098901098901099,1,underpriced,0,0.0,fair
2018 Maruti ALTO 800,LXI,Manual,53804,1st Owner,Petrol,DL-2C,316000,DL,405000.0,-0.21975308641975308,2,normal,0,0.0,deep_under
2020 Tata ALTROZ,XZ 1.2,Manual,15122,1st Owner,Petrol,DL-11,776000,DL,746300.0,0.039796328554200726,1,underpriced,0,0.0,fair
2021 Mahindra XUV 3OO,1.2 W6 AT,Automatic,25852,1st Owner,Petrol,DL-3C,1088000,DL,917700.0,0.18557262722022447,1,underpriced,0,0.0,over
2019 Maruti Dzire,VXI,Manual,20981,1st Owner,Petrol,DL-3C,712000,DL,529900.0,0.34364974523495,0,overpriced,1,1.0,deep_over
2019 Maruti Baleno,ZETA PETROL 1.2,Manual,56679,2nd Owner,Petrol,HR-19,597000,HR,497900.0,0.19903595099417554,2,normal,0,0.0,over
2019 TATA NEXON,XMA PETROL,Automatic,38643,1st Owner,Petrol,DL-12,797000,DL,743900.0,0.07138056190348165,1,underpriced,0,0.0,over
2018 Maruti Vitara Brezza,ZDI + AMT,Automatic,16508,2nd Owner,Diesel,HR-51,854000,HR,1135300.0,-0.24777591825949088,1,underpriced,0,0.0,deep_under
2019 Maruti Dzire,VXI,Manual,31812,1st Owner,Petrol,DL-1C,696000,DL,521800.0,0.3338443848217708,0,overpriced,1,1.0,deep_over
2021 Renault Kiger,RXZ CVT 1.0 TURBO,Automatic,12944,1st Owner,Petrol,DL-3C,1116000,DL,919400.0,0.21383510985425278,1,underpriced,0,0.0,deep_over
2021 MAHINDRA XUV 3OO,W6 1.2 PETROL,Manual,5488,1st Owner,Petrol,DL-12,1078000,DL,893300.0,0.20676144632262397,1,underpriced,0,0.0,deep_over
2019 Maruti New Wagon-R,LXI CNG 1.0 L,Manual,39788,1st Owner,CNG,DL-1C,542000,DL,561225.0,-0.03425542340416054,1,underpriced,0,0.0,fair
2021 Renault TRIBER,1.0 RXZ,Manual,10510,1st Owner,Petrol,UP-16,739000,UP,722900.0,0.022271406833586943,1,underpriced,0,0.0,fair
2022 Renault TRIBER,1.0 RXZ,Manual,3133,1st Owner,Petrol,DL-12,826000,DL,871000.0,-0.05166475315729047,1,underpriced,0,0.0,under
2019 Maruti Baleno,DELTA PETROL 1.2,Manual,19859,1st Owner,Petrol,UP-16,651000,UP,653300.0,-0.0035205877850910763,1,underpriced,0,0.0,fair
2018 Maruti VITARA BREZZA,ZDI,Manual,38748,1st Owner,Diesel,DL-1C,800000,DL,802900.0,-0.003611906837713289,1,underpriced,0,0.0,fair
2018 Honda WR-V,1.2L I-VTEC VX MT,Manual,36793,1st Owner,Petrol,HR-51,817000,HR,672100.0,0.2155929177205773,0,overpriced,0,0.0,deep_over
2020 Mahindra XUV 3OO,W8 1.2 PETROL,Manual,16166,1st Owner,Petrol,HR-26,980000,HR,748400.0,0.3094601817210048,0,overpriced,1,1.0,deep_over
2012 Maruti Alto K10,LXI,Manual,30029,1st Owner,Petrol,HR-23,221000,HR,512200.0,-0.5685279187817259,1,underpriced,1,1.0,deep_under
2019 HONDA CITY,1.5L I-VTEC ZX CVT,Automatic,85889,1st Owner,Petrol,UP-14,1135000,UP,915870.0,0.2392588467795648,2,normal,0,0.0,deep_over
2018 Ford Ecosport,TITANIUM 1.5L PETROL,Manual,69170,1st Owner,Petrol,HR-26,752000,HR,546500.0,0.37602927721866425,0,overpriced,1,1.0,deep_over
2020 Tata ALTROZ,XZ 1.2,Manual,17185,1st Owner,Petrol,DL-9C,744000,DL,699000.0,0.06437768240343347,1,underpriced,0,0.0,over
2018 Maruti ALTO 800,LXI,Manual,41768,1st Owner,Petrol,UP-14,337000,UP,390900.0,-0.1378869276029675,1,underpriced,0,0.0,under
2021 Maruti Alto,LXI OPT,Manual,29147,1st Owner,Petrol,DL-3C,394250,DL,567325.0,-0.3050720486493632,1,underpriced,1,1.0,deep_under
2011 Toyota Etios,VX,Manual,57187,1st Owner,Petrol,DL-4C,310000,DL,456700.0,-0.3212174293847164,2,normal,1,1.0,deep_under
2021 Hyundai NEW SANTRO,SPORTZ EXECUTIVE CNG,Manual,32139,1st Owner,CNG,DL-7C,586000,DL,571500.0,0.02537182852143482,1,underpriced,0,0.0,fair
2015 HONDA JAZZ,1.2 V MT,Manual,29074,2nd Owner,Petrol,DL-4C,512000,DL,567900.0,-0.0984328226800493,1,underpriced,0,0.0,under
2013 Maruti Swift,VXI,Manual,56705,1st Owner,Petrol,HR-26,334000,HR,468000.0,-0.2863247863247863,2,normal,0,0.0,deep_under
2017 Honda City,V MT PETROL,Manual,93095,1st Owner,Petrol,HR-26,743000,HR,504170.0,0.473709264732134,2,normal,1,1.0,deep_over
2018 Maruti CIAZ,ALPHA 1.5 SHVS PETROL,Manual,53019,1st Owner,Petrol,HR-26,884000,HR,579135.0,0.5264143938805287,0,overpriced,1,1.0,deep_over
2019 Maruti Swift,LXI,Manual,28543,1st Owner,Petrol,HR-26,561000,HR,481500.0,0.16510903426791276,1,underpriced,0,0.0,over
2019 Renault Kwid,1.0 RXT Opt,Manual,11264,1st Owner,Petrol,UP-78,461000,UP,629200.0,-0.2673235855054037,1,underpriced,0,0.0,deep_under
2017 Honda City,V MT PETROL,Manual,59084,1st Owner,Petrol,HR-10,747000,HR,618200.0,0.20834681332901975,2,normal,0,0.0,deep_over
2020 Maruti New Wagon-R,LXI CNG 1.0 L,Manual,73939,1st Owner,CNG,DL-14,526000,DL,547800.0,-0.0397955458196422,2,normal,0,0.0,fair
2015 Honda Amaze,1.2 VX CVT I VTEC,Automatic,78148,1st Owner,Petrol,DL-9C,501000,DL,564300.0,-0.11217437533227007,2,normal,0,0.0,under
2019 Renault Duster,RXS 106 PS MT,Manual,43395,1st Owner,Petrol,DL-3C,870000,DL,629600.0,0.3818297331639136,0,overpriced,1,1.0,deep_over
2020 Hyundai NEW SANTRO,MAGNA EXECUTIVE CNG,Manual,32179,1st Owner,CNG,DL-8C,632000,DL,596900.0,0.058803819735299044,1,underpriced,0,0.0,over
2020 Maruti Baleno,ZETA PETROL 1.2,Manual,14233,1st Owner,Petrol,HR-51,740000,HR,719000.0,0.02920723226703755,1,underpriced,0,0.0,fair
2021 MAHINDRA THAR,LX HT PETROL 4WD MT,Manual,27763,1st Owner,Petrol,HR-42,1505000,HR,785500.0,0.9159770846594526,0,overpriced,1,1.0,deep_over
2022 HYUNDAI GRAND I10 NIOS,SPORTZ 1.2 KAPPA VTVT CNG,Manual,17428,1st Owner,CNG,DL-7C,804000,DL,681100.0,0.18044340038173542,1,underpriced,0,0.0,over
2019 Hyundai VENUE,SX PLUS 1.0 TURBO DCT,Automatic,67033,1st Owner,Petrol,HR-26,1011000,HR,805800.0,0.2546537602382725,2,normal,0,0.0,deep_over
2019 Hyundai NEW SANTRO,1.1 SPORTZ MT CNG,Manual,36627,1st Owner,CNG,DL-7C,555000,DL,597300.0,-0.07081868407835258,1,underpriced,0,0.0,under
2020 Maruti New Wagon-R,LXI CNG 1.0 L,Manual,40242,1st Owner,CNG,DL-12,549000,DL,556900.0,-0.014185670676961753,1,underpriced,0,0.0,fair
2011 Hyundai i10,SPORTZ 1.2 AT KAPPA2,Automatic,70958,1st Owner,Petrol,DL-3C,270000,DL,558400.0,-0.5164756446991404,2,normal,1,1.0,deep_under
2015 Hyundai GRAND I10,ASTA 1.2 KAPPA VTVT,Manual,53734,1st Owner,Petrol,UP-14,433000,UP,625200.0,-0.3074216250799744,2,normal,1,1.0,deep_under
2019 Maruti New Wagon-R,LXI CNG 1.0 L,Manual,48251,1st Owner,CNG,DL-8C,571250,DL,555125.0,0.02904751182166179,2,normal,0,0.0,fair
2021 Mahindra Thar,LX D 4*4 MT HT,Manual,8222,1st Owner,Diesel,DL-8C,1609000,DL,1348125.0,0.19350950394065833,1,underpriced,0,0.0,over
2018 Hyundai Grand i10,MAGNA 1.2 VTVT,Manual,20971,1st Owner,Petrol,DL-9C,519000,DL,565800.0,-0.08271474019088017,1,underpriced,0,0.0,under
2021 Hyundai NEW SANTRO,SPORTZ EXECUTIVE MT CNG,Manual,54826,1st Owner,CNG,DL-9C,579000,DL,566425.0,0.022200644392461492,2,normal,0,0.0,fair
2020 Mahindra KUV 100 NXT,K8 6 STR,Manual,26967,1st Owner,Petrol,DL-8C,653000,DL,510700.0,0.27863716467593497,0,overpriced,0,0.0,deep_over
2021 MAHINDRA THAR,LX D 4*4 MT HT,Manual,7723,1st Owner,Diesel,HR-26,1604000,HR,1422995.0,0.12720002529875368,1,underpriced,0,0.0,over
2018 Maruti Vitara Brezza,ZDI PLUS AMT,Automatic,36296,1st Owner,Diesel,HR-10,868000,HR,1147000.0,-0.24324324324324326,1,underpriced,0,0.0,deep_under
2021 Honda WR-V,1.5 i-DTEC VX MT,Manual,33770,1st Owner,Diesel,HR-26,1211000,HR,966800.0,0.2525858502275548,0,overpriced,0,0.0,deep_over
2018 Maruti CIAZ,DELTA 1.4 VVT AMT,Automatic,27530,1st Owner,Petrol,DL-1C,915000,DL,945300.0,-0.032053316407489686,1,underpriced,0,0.0,fair
2017 Maruti Dzire,VXI,Manual,22766,1st Owner,Petrol,DL-12,633000,DL,496300.0,0.2754382429981866,0,overpriced,0,0.0,deep_over
2012 Maruti SWIFT,LXI,Manual,85032,1st Owner,Petrol,DL-2C,301000,DL,404600.0,-0.2560553633217993,2,normal,0,0.0,deep_under
2021 Maruti New Wagon-R,LXI CNG (O) 1.0,Manual,63818,1st Owner,CNG,HR-26,558000,HR,518000.0,0.07722007722007722,2,normal,0,0.0,over
2018 Maruti Ciaz,ALPHA 1.4 VVT AMT,Automatic,26218,1st Owner,Petrol,HR-26,890000,HR,987200.0,-0.09846029173419774,1,underpriced,0,0.0,under
2021 Mahindra Thar,LX PETROL HT 4WD AT,Automatic,5145,1st Owner,Petrol,DL-12,1654000,DL,1366500.0,0.21039151115989754,1,underpriced,0,0.0,deep_over
2016 Hyundai Grand i10,MAGNA AT 1.2 KAPPA VTVT,Automatic,63382,1st Owner,Petrol,DL-8C,465000,DL,529000.0,-0.12098298676748583,2,normal,0,0.0,under
2021 Maruti Baleno,DELTA PETROL 1.2,Manual,33839,1st Owner,Petrol,UP-16,696000,UP,702100.0,-0.008688221051132317,1,underpriced,0,0.0,fair
2015 HYUNDAI GRAND I10,ASTA 1.2 AT VTVT,Automatic,34900,2nd Owner,Petrol,DL-4C,481000,DL,545900.0,-0.11888624290163033,1,underpriced,0,0.0,under
2021 Renault Kiger,RXZ 1.0 MT,Manual,15991,1st Owner,Petrol,DL-3C,876000,DL,712700.0,0.22912866563771572,0,overpriced,0,0.0,deep_over
2018 HYUNDAI NEW SANTRO,SPORTZ MT,Manual,26239,1st Owner,Petrol,UP-32,485000,UP,653300.0,-0.25761518444818615,1,underpriced,0,0.0,deep_under
2018 Hyundai Grand i10,MAGNA 1.2 VTVT,Manual,65155,1st Owner,CNG,HR-26,484000,HR,497100.0,-0.026352846509756587,2,normal,0,0.0,fair
2018 Hyundai Grand i10,MAGNA 1.2 KAPPA VTVT,Manual,43762,1st Owner,CNG,HR-83,513000,HR,560600.0,-0.0849090260435248,1,underpriced,0,0.0,under
2018 Ford Ecosport,1.5 TITANIUM SIGNATURE TI VCT (SUNROOF),Manual,34393,2nd Owner,CNG,HR-26,935000,HR,631500.0,0.4806017418844022,0,overpriced,1,1.0,deep_over
2019 Renault Kwid,1.0 RXT Opt,Manual,16177,1st Owner,Petrol,DL-9C,450000,DL,512600.0,-0.1221225126804526,1,underpriced,0,0.0,under
2021 Maruti New Wagon-R,LXI CNG 1.0 L,Manual,56074,1st Owner,CNG,HR-30,546000,HR,557600.0,-0.02080344332855093,2,normal,0,0.0,fair
2021 RENAULT Kiger,RXZ CVT 1.0 TURBO,Automatic,17191,1st Owner,Petrol,DL-3C,999000,DL,1026500.0,-0.02679006332196785,1,underpriced,0,0.0,fair
2021 Renault Duster,RXZ CVT 1.3 TURBO,Automatic,10333,1st Owner,Petrol,HR-36,1365000,HR,1188820.0,0.14819737218418264,1,underpriced,0,0.0,over
2016 Maruti Swift,LXI OPT,Manual,47934,1st Owner,Petrol,DL-2C,440000,DL,469225.0,-0.062283552666631145,2,normal,0,0.0,under
2017 Maruti IGNIS,ZETA 1.2 AMT,Automatic,39181,2nd Owner,Petrol,HR-29,546000,HR,651400.0,-0.1618053423395763,1,underpriced,0,0.0,under
2021 Maruti Ciaz,ZETA 1.5 SHVS MT PETROL,Manual,17178,1st Owner,Petrol,DL-8C,962000,DL,701400.0,0.37154262902765894,0,overpriced,1,1.0,deep_over
2018 Datsun Redi Go,T (O),Manual,30224,1st Owner,Petrol,DL-8C,304000,DL,516725.0,-0.4116793265276501,1,underpriced,1,1.0,deep_under
2018 Maruti Swift,VXI AMT,Automatic,16554,1st Owner,Petrol,DL-1C,657000,DL,845700.0,-0.22312876906704504,1,underpriced,0,0.0,deep_under
2020 Tata TIGOR,XZ PLUS 1.2 REVOTRON,Manual,18102,1st Owner,Petrol,HR-51,685000,HR,615000.0,0.11382113821138211,1,underpriced,0,0.0,over
2020 Tata ALTROZ,XZ 1.2,Manual,23776,1st Owner,Petrol,DL-9C,749000,DL,668300.0,0.12075415232679934,1,underpriced,0,0.0,over
2021 Renault Kiger,RXZ 1.0 TURBO MT DUAL TONE,Manual,6835,1st Owner,Petrol,UP-14,948000,UP,859300.0,0.10322355405562668,1,underpriced,0,0.0,over
2014 Honda City,1.5L I-VTEC SV,Manual,26285,1st Owner,Petrol,DL-3C,607000,DL,520500.0,0.16618635926993275,1,underpriced,0,0.0,over
2018 Maruti Alto 800,LXI,Manual,25026,1st Owner,Petrol,DL-5C,315000,DL,403500.0,-0.21933085501858737,1,underpriced,0,0.0,deep_under
2021 Maruti ALTO,LXI CNG,Manual,28914,1st Owner,CNG,UP-14,493000,UP,525800.0,-0.062381133510840625,1,underpriced,0,0.0,under
2021 Tata Safari,XZA+  KRYOTEC,Automatic,16533,1st Owner,Diesel,HR-10,2080000,HR,1484900.0,0.4007677284665634,0,overpriced,1,1.0,deep_over
2019 Maruti New Wagon-R,1.0 Lxi (o) cng,Manual,53118,1st Owner,CNG,HR-26,545000,HR,524825.0,0.03844138522364598,2,normal,0,0.0,fair
2021 Mahindra Thar,LX PETROL HT 4WD AT,Automatic,8373,1st Owner,Petrol,DL-2C,1638000,DL,1255600.0,0.30455559095253265,0,overpriced,1,1.0,deep_over
2021 Maruti Baleno,SIGMA PETROL 1.2,Manual,13066,1st Owner,Petrol,HR-29,632000,HR,730100.0,-0.13436515545815642,1,underpriced,0,0.0,under
2021 Maruti New Wagon-R,1.0 Lxi (o) cng,Manual,20677,1st Owner,CNG,DL-6C,608000,DL,634100.0,-0.04116070020501498,1,underpriced,0,0.0,fair
2019 Maruti New Wagon-R,1.0 Lxi (o) cng,Manual,92418,1st Owner,CNG,DL-12,537000,DL,502700.0,0.06823154963198727,2,normal,0,0.0,over
2019 Maruti Vitara Brezza,ZDI AMT,Automatic,87576,1st Owner,Diesel,HR-87,854000,HR,1002400.0,-0.14804469273743018,2,normal,0,0.0,under
2021 Renault TRIBER,1.0 RXZ,Manual,18132,1st Owner,Petrol,DL-3C,766000,DL,709200.0,0.08009024252679076,1,underpriced,0,0.0,over
2021 Hyundai GRAND I10 NIOS,SPORTZ 1.2 KAPPA VTVT CNG,Manual,26081,1st Owner,CNG,HR-26,719000,HR,666300.0,0.07909350142578418,1,underpriced,0,0.0,over
2019 Tata NEXON,XZA PLUS PETROL,Automatic,7074,1st Owner,Petrol,DL-3C,1054000,DL,1096000.0,-0.03832116788321168,1,underpriced,0,0.0,fair
2019 Hyundai NEW SANTRO,SPORTZ CNG,Manual,63793,1st Owner,CNG,HR-26,552000,HR,497200.0,0.11021721641190668,2,normal,0,0.0,over
2014 Maruti Swift,VXI,Manual,69859,1st Owner,Petrol,DL-1C,406000,DL,398100.0,0.019844260236121576,2,normal,0,0.0,fair
2019 Renault Kwid,RXT Opt,Manual,26678,1st Owner,Petrol,HR-26,384000,HR,546700.0,-0.2976038046460582,1,underpriced,0,0.0,deep_under
2022 HONDA CITY,1.5L I-VTEC V MT 4TH GEN,Manual,14215,1st Owner,Petrol,UP-14,1132000,UP,882800.0,0.2822836429542365,0,overpriced,0,0.0,deep_over
2021 Maruti Alto,VXI,Manual,8664,1st Owner,Petrol,DL-3C,361000,DL,535900.0,-0.3263668594887106,1,underpriced,1,1.0,deep_under
2020 Maruti New Wagon-R,LXI CNG 1.0 L,Manual,62629,1st Owner,CNG,DL-8C,572000,DL,546600.0,0.0464690815953165,2,normal,0,0.0,fair
2019 Renault Kwid,RXT,Manual,16602,1st Owner,Petrol,UP-15,400000,UP,689500.0,-0.41986947063089197,1,underpriced,1,1.0,deep_under
2021 Maruti New Wagon-R,LXI CNG 1.0 L,Manual,22185,1st Owner,CNG,DL-8C,598000,DL,591300.0,0.011330965668865212,1,underpriced,0,0.0,fair
2015 HYUNDAI GRAND I10,ASTA AT 1.2 KAPPA VTVT,Automatic,60308,2nd Owner,Petrol,HR-51,487000,HR,515400.0,-0.055102832751261155,2,normal,0,0.0,under
2020 Tata ALTROZ,XZ (O) 1.2 RTN,,54207,1st Owner,Petrol,DL-11,731000,DL,571300.0,0.279537896026606,0,overpriced,0,0.0,deep_over
2021 Maruti Baleno,DELTA PETROL 1.2,Manual,10915,1st Owner,Petrol,HR-26,724000,HR,686000.0,0.05539358600583091,1,underpriced,0,0.0,over
2020 Maruti S Cross,ALPHA AT SMART HYBRID,Automatic,23160,1st Owner,Petrol,HR-51,1121000,HR,1043000.0,0.07478427612655801,1,underpriced,0,0.0,over
2022 Renault TRIBER,RXZ AMT,Automatic,4196,1st Owner,Petrol,DL-12,918000,DL,1059400.0,-0.13347177647725128,1,underpriced,0,0.0,under
2020 Maruti Swift,LXI,Manual,20810,2nd Owner,Petrol,DL-1C,582000,DL,487600.0,0.19360131255127153,1,underpriced,0,0.0,over
2015 HYUNDAI ELITE I20,ASTA 1.2,Manual,33624,1st Owner,Petrol,UP-80,589000,UP,560400.0,0.051034975017844396,1,underpriced,0,0.0,over
2020 Maruti New Wagon-R,LXI CNG 1.0 L,Manual,57715,1st Owner,CNG,HR-13,546000,HR,553900.0,-0.01426250225672504,2,normal,0,0.0,fair
2019 Maruti Baleno,ZETA PETROL 1.2,Manual,34496,1st Owner,Petrol,HR-29,650000,HR,691100.0,-0.05947040949211402,1,underpriced,0,0.0,under
2019 Maruti SWIFT,LXI,Manual,10616,1st Owner,Petrol,DL-1C,551000,DL,525600.0,0.04832572298325723,1,underpriced,0,0.0,fair
2018 Hyundai TUCSON NEW,2WD MT PETROL,Manual,42864,1st Owner,Petrol,HR-26,1687000,HR,761100.0,1.2165287084482985,0,overpriced,1,1.0,deep_over
2020 Hyundai GRAND I10 NIOS,SPORTZ PETROL,Manual,21706,1st Owner,Petrol,HR-36,628000,HR,628300.0,-0.0004774789113480821,1,underpriced,0,0.0,fair
2020 Maruti S Cross,ALPHA 1.5,Manual,5574,1st Owner,Petrol,UP-14,1165000,UP,820100.0,0.4205584684794537,0,overpriced,1,1.0,deep_over
2017 Maruti Baleno,DELTA CVT PETROL 1.2,Automatic,20889,1st Owner,Petrol,HR-26,617000,HR,1054700.0,-0.4149995259315445,1,underpriced,1,1.0,deep_under
2021 Renault Kiger,RXZ 1.0 MT,Manual,14272,1st Owner,Petrol,HR-51,822000,HR,807065.0,0.018505324849919152,1,underpriced,0,0.0,fair
2021 Hyundai NEW SANTRO,SPORTZ EXECUTIVE CNG,Manual,53039,1st Owner,CNG,DL-7C,581000,DL,546625.0,0.06288589069288818,2,normal,0,0.0,over
2021 HYUNDAI VENUE,SX 1.0 (O) TURBO,Manual,11936,1st Owner,Petrol,UP-32,1170000,UP,823800.0,0.4202476329206118,0,overpriced,1,1.0,deep_over
2019 Maruti New Wagon-R,LXI CNG 1.0 L,Manual,72103,1st Owner,CNG,HR-26,547000,HR,547925.0,-0.001688187251904914,2,normal,0,0.0,fair
2016 Maruti Alto 800,LXI,Manual,61606,1st Owner,Petrol,DL-2C,280000,DL,403700.0,-0.30641565518949715,2,normal,1,1.0,deep_under
2021 Maruti Celerio,ZXI PLUS,Manual,10723,1st Owner,Petrol,UP-63,667000,UP,736800.0,-0.09473398479913138,1,underpriced,0,0.0,under
2013 HONDA CITY,S MT PETROL,Manual,38002,1st Owner,Petrol,UP-14,536000,UP,629100.0,-0.14798919090764584,1,underpriced,0,0.0,under
2021 Maruti Baleno,DELTA PETROL 1.2,Manual,10440,1st Owner,Petrol,HR-87,713000,HR,686000.0,0.03935860058309038,1,underpriced,0,0.0,fair
2021 HYUNDAI GRAND I10 NIOS,SPORTZ 1.2 KAPPA VTVT CNG,Manual,34714,1st Owner,CNG,HR-98,749000,HR,607100.0,0.2337341459397134,0,overpriced,0,0.0,deep_over
2014 Maruti Swift,VXI,Manual,46247,2nd Owner,Petrol,HR-26,376000,HR,443800.0,-0.15277151870211808,2,normal,0,0.0,under
2020 Maruti Alto,VXI PLUS,Manual,12642,1st Owner,Petrol,UP-14,405000,UP,863100.0,-0.5307612095933264,1,underpriced,1,1.0,deep_under
2019 Renault Kwid,RXL,Manual,20053,1st Owner,Petrol,HR-30,360000,HR,418500.0,-0.13978494623655913,1,underpriced,0,0.0,under
2020 Maruti S PRESSO,VXI,Manual,5239,1st Owner,Petrol,DL-2C,441000,DL,488600.0,-0.09742120343839542,1,underpriced,0,0.0,under
2019 HYUNDAI NEW SANTRO,SPORTZ CNG,Manual,68865,1st Owner,CNG,DL-3C,540000,DL,529200.0,0.02040816326530612,2,normal,0,0.0,fair
2019 HYUNDAI GRAND I10,MAGNA AT 1.2 KAPPA VTVT,Automatic,32033,1st Owner,Petrol,DL-9C,668000,DL,710000.0,-0.059154929577464786,1,underpriced,0,0.0,under
2019 Honda Amaze,1.2 V CVT I VTEC,Automatic,45245,1st Owner,Petrol,HR-51,771000,HR,760800.0,0.013406940063091483,2,normal,0,0.0,fair
2018 Maruti BALENO,DELTA PETROL 1.2,Manual,29984,1st Owner,Petrol,HR-51,610000,HR,605600.0,0.00726552179656539,1,underpriced,0,0.0,fair
2012 Maruti Swift,ZXI,Manual,47073,1st Owner,Petrol,DL-8C,361000,DL,464400.0,-0.2226528854435831,2,normal,0,0.0,deep_under
2020 Honda Amaze,1.2 S CVT I VTEC SPECIAL EDITION,Automatic,37158,1st Owner,Petrol,UP-16,789000,UP,946560.0,-0.1664553752535497,1,underpriced,0,0.0,under
2020 TATA ALTROZ,XZ 1.2,Manual,24268,1st Owner,Petrol,HR-26,758000,HR,746600.0,0.015269220466113046,1,underpriced,0,0.0,fair
2021 Hyundai GRAND I10 NIOS,SPORTZ CNG MT,Manual,28955,1st Owner,CNG,UP-16,697000,UP,759400.0,-0.08217013431656571,1,underpriced,0,0.0,under
2012 Maruti SWIFT,ZXI,Manual,22536,1st Owner,Petrol,DL-2C,376000,DL,529400.0,-0.28976199471099356,1,underpriced,0,0.0,deep_under
2021 Maruti SWIFT,LXI,Manual,51460,1st Owner,Petrol,HR-76,589000,HR,474800.0,0.2405223251895535,0,overpriced,0,0.0,deep_over
2016 Maruti CELERIO,ZXI OPT AMT,Automatic,29095,2nd Owner,Petrol,DL-8C,428000,DL,581500.0,-0.26397248495270853,1,underpriced,0,0.0,deep_under
2018 Hyundai Grand i10,MAGNA 1.2 KAPPA VTVT,Manual,40850,1st Owner,Petrol,HR-29,514000,HR,736100.0,-0.3017253090612689,1,underpriced,1,1.0,deep_under
2016 Maruti Baleno,DELTA PETROL 1.2,Manual,86292,1st Owner,Petrol,HR-51,536000,HR,512800.0,0.0452418096723869,2,normal,0,0.0,fair
2013 Maruti SWIFT,VXI,Manual,36358,1st Owner,Petrol,DL-2C,347000,DL,463400.0,-0.25118687958567115,1,underpriced,0,0.0,deep_under
2021 Tata ALTROZ,XT 1.5 RTQ,Manual,16973,1st Owner,Diesel,DL-10,811000,DL,1004700.0,-0.19279386881656216,1,underpriced,0,0.0,under
2019 Renault Kwid,RXL,Manual,25519,2nd Owner,Petrol,HR-07,350000,HR,434400.0,-0.19429097605893186,1,underpriced,0,0.0,under
2020 Renault Kwid,RXL,Manual,26260,1st Owner,Petrol,DL-3C,407000,DL,530300.0,-0.23250990005657174,1,underpriced,0,0.0,deep_under
2017 Honda Jazz,1.2 S MT,Manual,32287,1st Owner,Petrol,HR-51,488000,HR,607400.0,-0.19657556799473164,1,underpriced,0,0.0,under
2019 Maruti Dzire,VXI,Manual,30444,1st Owner,Petrol,HR-76,698000,HR,534300.0,0.3063821822945911,0,overpriced,1,1.0,deep_over
2018 Maruti Alto 800,LXI,Manual,8736,1st Owner,Petrol,DL-8C,340000,DL,492600.0,-0.3097848152659359,1,underpriced,1,1.0,deep_under
2019 Maruti SWIFT,LXI,Manual,63772,1st Owner,Petrol,UP-37,567000,UP,459600.0,0.23368146214099217,2,normal,0,0.0,deep_over
2017 Maruti Ciaz,DELTA 1.4 MT PETROL,Manual,63864,2nd Owner,Petrol,HR-05,651000,HR,425500.0,0.5299647473560517,0,overpriced,1,1.0,deep_over
2020 Maruti IGNIS,ZETA 1.2,Manual,46300,1st Owner,Petrol,HR-51,641000,HR,729100.0,-0.12083390481415443,2,normal,0,0.0,under
2021 Renault Kwid,1.0 RXT Opt,Manual,17931,1st Owner,Petrol,UP-16,468000,UP,673900.0,-0.3055349458376614,1,underpriced,1,1.0,deep_under
2021 Hyundai GRAND I10 NIOS,SPORTZ 1.2 KAPPA VTVT CNG,Manual,96192,1st Owner,CNG,HR-12,668000,HR,513000.0,0.30214424951267055,2,normal,1,1.0,deep_over
2019 TATA HEXA,Varicor 400 XM,Manual,43895,1st Owner,Diesel,HR-26,1334000,HR,1117300.0,0.1939497001700528,0,overpriced,0,0.0,over
2021 Renault Kiger,RXZ CVT 1.0 TURBO,Automatic,9698,1st Owner,Petrol,DL-3C,1128000,DL,998100.0,0.1301472798316802,1,underpriced,0,0.0,over
2019 Maruti Swift,LXI,Manual,13121,1st Owner,Petrol,DL-2C,572000,DL,571600.0,0.0006997900629811056,1,underpriced,0,0.0,fair
2018 Maruti CIAZ,ZETA AT 1.5  SHVS PETROL,Automatic,31350,2nd Owner,Petrol,DL-12,869000,DL,587200.0,0.47990463215258855,0,overpriced,1,1.0,deep_over
2021 HYUNDAI NEW SANTRO,SPORTZ EXECUTIVE MT CNG,Manual,39295,1st Owner,CNG,DL-9C,637000,DL,588100.0,0.08314912429858867,1,underpriced,0,0.0,over
2021 MAHINDRA THAR,LX HT PETROL 4WD MT,,4870,1st Owner,Petrol,HR-26,1475000,HR,1186200.0,0.24346653178216152,1,underpriced,0,0.0,deep_over
2017 FORD ECOSPORT,1.5 TITANIUM TI VCT,Manual,21803,1st Owner,Petrol,UP-16,703000,UP,734800.0,-0.043277082199237885,1,underpriced,0,0.0,fair
2014 Maruti Swift,VXI,Manual,22705,1st Owner,Petrol,DL-3C,417000,DL,502700.0,-0.17047941117963,1,underpriced,0,0.0,under
2018 Maruti IGNIS,DELTA 1.2 AMT,Automatic,24588,2nd Owner,Petrol,HR-26,580000,HR,647500.0,-0.10424710424710425,1,underpriced,0,0.0,under
2019 Maruti Baleno,DELTA PETROL 1.2,Manual,47728,1st Owner,Petrol,HR-26,617000,HR,624800.0,-0.012483994878361075,2,normal,0,0.0,fair
2018 Honda Amaze,1.2L I-VTEC S,Manual,52212,1st Owner,Petrol,DL-1C,623000,DL,464200.0,0.3420939250323137,0,overpriced,1,1.0,deep_over
2020 HONDA CITY,VX CVT PETROL,Automatic,29589,2nd Owner,Petrol,DL-4C,1226000,DL,687800.0,0.7824949113114278,0,overpriced,1,1.0,deep_over
2021 Maruti New Wagon-R,1.0 Lxi (o) cng,Manual,31413,1st Owner,CNG,DL-5C,605000,DL,583300.0,0.037202125835762045,1,underpriced,0,0.0,fair
2019 Maruti New Wagon-R,LXI CNG 1.0 L,Manual,58736,1st Owner,CNG,DL-2C,526000,DL,550425.0,-0.04437480128991234,2,normal,0,0.0,fair
2014 Maruti Swift Dzire,ZXI 1.2 BS IV,Manual,46500,2nd Owner,Petrol,HR-26,431000,HR,467100.0,-0.07728537786341255,2,normal,0,0.0,under
2020 Maruti New Wagon-R,LXI CNG 1.0 L,Manual,45156,1st Owner,CNG,DL-9C,565000,DL,558825.0,0.011049970921129155,2,normal,0,0.0,fair
2019 Maruti New Wagon-R,LXI CNG 1.0 L,Manual,95737,1st Owner,CNG,DL-2C,545000,DL,531425.0,0.02554452650891471,2,normal,0,0.0,fair
2021 Renault Kiger,RXZ 1.0 TURBO MT,Manual,9759,1st Owner,Petrol,DL-3C,1041000,DL,779700.0,0.3351288957291266,0,overpriced,1,1.0,deep_over
2019 HYUNDAI NEW SANTRO,SPORTZ CNG,Manual,59157,1st Owner,CNG,HR-26,556000,HR,519900.0,0.06943643008270821,2,normal,0,0.0,over
2020 Maruti New Wagon-R,LXI CNG 1.0 L,Manual,36330,1st Owner,CNG,DL-2C,569000,DL,561425.0,0.013492452242062608,1,underpriced,0,0.0,fair
2021 TOYOTA URBAN CRUISER,MID GRADE MT,Manual,39032,1st Owner,Petrol,HR-26,888000,HR,635400.0,0.3975448536355052,0,overpriced,1,1.0,deep_over
2015 HYUNDAI I10,MAGNA 1.1,Manual,71103,2nd Owner,Petrol,DL-9C,321000,DL,483800.0,-0.3365026870607689,2,normal,1,1.0,deep_under
2018 Hyundai Tucson New,2WD MT PETROL,Manual,86933,2nd Owner,Petrol,UP-14,1412000,UP,682370.0,1.0692586133622521,0,overpriced,1,1.0,deep_over
2017 Honda Jazz,1.2 V AT,Automatic,60707,1st Owner,Petrol,HR-26,631000,HR,721500.0,-0.12543312543312543,2,normal,0,0.0,under
2016 Maruti Alto 800,LXI,Manual,26057,1st Owner,Petrol,HR-26,299000,HR,411200.0,-0.2728599221789883,1,underpriced,0,0.0,deep_under
2021 Renault Kwid,1.0 RXT Opt AT,Automatic,10601,1st Owner,Petrol,DL-3C,499000,DL,906200.0,-0.44934892959611566,1,underpriced,1,1.0,deep_under
2021 Hyundai GRAND I10 NIOS,SPORTZ 1.2 KAPPA VTVT CNG,Manual,22393,1st Owner,CNG,DL-12,773000,DL,662100.0,0.1674973568947289,1,underpriced,0,0.0,over
2014 Hyundai Grand i10,MAGNA 1.2 VTVT,Manual,46115,2nd Owner,Petrol,DL-3C,371000,DL,564500.0,-0.34278122232063774,1,underpriced,1,1.0,deep_under
2020 Maruti Alto,LXI,Manual,16722,1st Owner,Petrol,DL-8C,370000,DL,499700.0,-0.25955573344006405,1,underpriced,0,0.0,deep_under
2021 Hyundai NEW SANTRO,SPORTZ EXECUTIVE CNG,Manual,78260,1st Owner,CNG,HR-36,582000,HR,508400.0,0.14476789929189615,2,normal,0,0.0,over
2021 Maruti New Wagon-R,LXI CNG 1.0 L,Manual,36344,1st Owner,CNG,HR-29,617000,HR,565800.0,0.09049133969600566,1,underpriced,0,0.0,over
2019 HYUNDAI NEW SANTRO,SPORTZ CNG,Manual,39950,1st Owner,CNG,DL-12,560000,DL,557100.0,0.005205528630407468,1,underpriced,0,0.0,fair
2020 Maruti New Wagon-R,1.0 Lxi (o) cng,Manual,95900,1st Owner,CNG,HR-26,511000,HR,531600.0,-0.03875094055680963,2,normal,0,0.0,fair
2021 Mahindra Thar,LX PETROL HT 4WD AT,Automatic,18575,1st Owner,Petrol,HR-26,1524000,HR,1324200.0,0.15088355233348436,1,underpriced,0,0.0,over
2020 Maruti New Wagon-R,LXI CNG 1.0 L,Manual,45694,1st Owner,CNG,HR-35,568000,HR,559700.0,0.014829372878327675,2,normal,0,0.0,fair
2019 Renault Kwid,1.0 RXT Opt,Manual,49798,1st Owner,Petrol,HR-26,409000,HR,428035.0,-0.04447066244582803,2,normal,0,0.0,fair
2020 Tata ALTROZ,XZ 1.2,Manual,18728,1st Owner,Petrol,DL-2C,758000,DL,716000.0,0.05865921787709497,1,underpriced,0,0.0,over
2021 Maruti New Wagon-R,LXI CNG 1.0 L,Manual,31364,1st Owner,CNG,HR-29,557000,HR,569400.0,-0.021777309448542326,1,underpriced,0,0.0,fair
2020 MAHINDRA XUV500,W11(O),Manual,49280,1st Owner,Diesel,HR-26,1654750,HR,1198000.0,0.38126043405676124,0,overpriced,1,1.0,deep_over
2019 Maruti New Wagon-R,LXI CNG 1.0 L,Manual,53085,1st Owner,CNG,HR-29,552000,HR,547625.0,0.007989043597352202,2,normal,0,0.0,fair
2013 Hyundai i10,SPORTZ 1.2 KAPPA2,Manual,61649,2nd Owner,Petrol,HR-26,296000,HR,445400.0,-0.33542882801975754,2,normal,1,1.0,deep_under
2014 Hyundai Grand i10,MAGNA 1.2 VTVT,Manual,48006,1st Owner,Petrol,DL-8C,397000,DL,484700.0,-0.1809366618526924,2,normal,0,0.0,under
2018 Honda City,1.5L I-VTE V CVT,Automatic,31071,1st Owner,Petrol,HR-51,1027000,HR,968800.0,0.06007431874483898,1,underpriced,0,0.0,over
2021 Toyota Glanza,V MT PETROL,Manual,35203,1st Owner,Petrol,HR-26,886000,HR,724300.0,0.2232500345160845,0,overpriced,0,0.0,deep_over
2019 Renault Kwid,RXL,Manual,26980,1st Owner,Petrol,DL-12,368000,DL,455300.0,-0.19174170876345267,1,underpriced,0,0.0,under
2020 Maruti S Cross,ALPHA 1.5,Manual,29648,2nd Owner,Petrol,UP-16,1094000,UP,635800.0,0.720666876376219,0,overpriced,1,1.0,deep_over
2021 Maruti Baleno,ALPHA PETROL 1.2,Manual,19503,2nd Owner,Petrol,HR-26,850000,HR,631800.0,0.34536245647356756,0,overpriced,1,1.0,deep_over
2020 TATA ALTROZ,XZ 1.2,Manual,23053,1st Owner,Petrol,HR-26,724000,HR,697400.0,0.038141669056495554,1,underpriced,0,0.0,fair
2018 Maruti ALTO 800,LXI,Manual,21304,2nd Owner,Petrol,UP-37,304000,UP,429900.0,-0.29285880437311,1,underpriced,0,0.0,deep_under
2020 TOYOTA YARIS,G MT,Manual,37270,1st Owner,Petrol,UP-32,1170000,UP,680100.0,0.7203352448169387,0,overpriced,1,1.0,deep_over
2021 Maruti S PRESSO,VXI PLUS,Manual,119,1st Owner,Petrol,HR-26,472000,HR,847300.0,-0.4429363861678272,1,underpriced,1,1.0,deep_under
2021 Maruti Alto,LXI CNG,Manual,45138,1st Owner,CNG,DL-9C,415000,DL,519250.0,-0.20077034183919115,1,underpriced,0,0.0,deep_under
2021 Tata ALTROZ,XZ 1.5 RTQ,Manual,33411,1st Owner,Diesel,UP-14,883000,UP,943200.0,-0.06382527565733673,1,underpriced,0,0.0,under
2016 Hyundai Creta,1.6 S,Manual,62663,2nd Owner,Petrol,DL-9C,817000,DL,619900.0,0.3179545087917406,0,overpriced,1,1.0,deep_over
2018 Maruti Alto 800,LXI,Manual,24796,1st Owner,Petrol,HR-29,336000,HR,409500.0,-0.1794871794871795,1,underpriced,0,0.0,under
2020 Maruti New Wagon-R,LXI CNG 1.0 L,Manual,51129,1st Owner,CNG,HR-51,533000,HR,554100.0,-0.03807976899476629,2,normal,0,0.0,fair
2020 Honda City,V MT PETROL,Manual,25148,1st Owner,Petrol,HR-12,987000,HR,703300.0,0.4033840466372814,0,overpriced,1,1.0,deep_over
2020 Maruti Celerio,VXI CNG OPT,Manual,50029,2nd Owner,CNG,HR-26,525000,HR,584300.0,-0.10148896115009413,2,normal,0,0.0,under
2022 Maruti ALTO,VXI,Manual,13180,1st Owner,Petrol,HR-29,410000,HR,628100.0,-0.347237701003025,1,underpriced,1,1.0,deep_under
2019 Hyundai NEW SANTRO,SPORTZ CNG,Manual,38298,1st Owner,CNG,DL-5C,558000,DL,573900.0,-0.02770517511761631,1,underpriced,0,0.0,fair
2020 Toyota Glanza,G ISG,Manual,26014,1st Owner,Petrol,DL-1C,858000,DL,560000.0,0.5321428571428571,0,overpriced,1,1.0,deep_over
2022 Hyundai NEW SANTRO,SPORTZ EXECUTIVE MT CNG,Manual,2077,1st Owner,CNG,DL-9C,631000,DL,673800.0,-0.06352033244286139,1,underpriced,0,0.0,under
2019 Maruti Swift,ZXI PLUS,Manual,39682,1st Owner,Petrol,UP-14,739000,UP,626200.0,0.18013414244650272,0,overpriced,0,0.0,over
2019 Hyundai NEW SANTRO,MAGNA,Manual,25411,1st Owner,Petrol,HR-26,462000,HR,600300.0,-0.2303848075962019,1,underpriced,0,0.0,deep_under
2017 Honda Jazz,1.2L I-VTEC V AT,Automatic,25244,1st Owner,Petrol,HR-51,646000,HR,1004800.0,-0.3570859872611465,1,underpriced,1,1.0,deep_under
2015 Maruti Celerio,VXI AMT,Automatic,46562,1st Owner,Petrol,HR-51,438000,HR,674900.0,-0.3510149651800267,2,normal,1,1.0,deep_under
2021 Maruti Alto,VXI,Manual,21969,1st Owner,Petrol,DL-6C,413000,DL,467525.0,-0.11662477942356024,1,underpriced,0,0.0,under
2020 Tata ALTROZ,XZ 1.2,Manual,23268,1st Owner,Petrol,DL-12,766000,DL,749500.0,0.022014676450967312,1,underpriced,0,0.0,fair
2018 Maruti Swift,LXI,Manual,54148,2nd Owner,Petrol,DL-9C,517000,DL,517700.0,-0.0013521344407958276,2,normal,0,0.0,fair
2020 KIA SONET,GTX + 1.0 IMT,Manual,12461,1st Owner,Petrol,DL-10,1319000,DL,804800.0,0.6389165009940357,0,overpriced,1,1.0,deep_over
2019 Hyundai VENUE,SX (O) 1.5 CRDI,Manual,57123,1st Owner,Diesel,HR-51,1001000,HR,1056475.0,-0.05250952459831042,2,normal,0,0.0,under
2018 Maruti Alto 800,LXI,Manual,18750,1st Owner,Petrol,DL-3C,314000,DL,424900.0,-0.261002588844434,1,underpriced,0,0.0,deep_under
2021 Maruti Baleno,ALPHA PETROL 1.2,Manual,13748,1st Owner,Petrol,UP-62,880000,UP,890400.0,-0.011680143755615454,1,underpriced,0,0.0,fair
2019 Maruti Celerio,VXI CNG OPT,Manual,71910,1st Owner,CNG,HR-13,506000,HR,504000.0,0.003968253968253968,2,normal,0,0.0,fair
2021 Mahindra Thar,LX D 4*4 MT HT,Manual,17312,1st Owner,Diesel,HR-51,1599000,HR,1470125.0,0.08766261372332285,1,underpriced,0,0.0,over
2015 Hyundai Creta,1.6 S,Manual,27923,1st Owner,Petrol,UP-32,791000,UP,609900.0,0.2969339235940318,0,overpriced,0,0.0,deep_over
2021 Mahindra Thar,LX PETROL HT 4WD AT,Automatic,11551,1st Owner,Petrol,HR-70,1528000,HR,1436700.0,0.06354840954966243,1,underpriced,0,0.0,over
2021 Renault Kiger,RXZ CVT 1.0 TURBO,Automatic,2461,1st Owner,Petrol,UP-16,990000,UP,1010300.0,-0.020093041670790856,1,underpriced,0,0.0,fair
2021 Maruti ALTO,LXI CNG,Manual,30310,1st Owner,CNG,HR-26,438000,HR,565000.0,-0.2247787610619469,1,underpriced,0,0.0,deep_under
2020 Maruti New Wagon-R,LXI CNG 1.0 L,Manual,31387,2nd Owner,CNG,HR-87,567000,HR,590100.0,-0.03914590747330961,1,underpriced,0,0.0,fair
2020 KIA SONET,GTX PLUS DCT 1.0,Manual,12835,1st Owner,Petrol,HR-26,1271000,HR,851365.0,0.49289670117987,0,overpriced,1,1.0,deep_over
2011 Maruti Swift,ZXI,Manual,79489,1st Owner,Petrol,HR-26,293000,HR,530900.0,-0.4481069881333585,2,normal,1,1.0,deep_under
